person_age,person_income,loan_amnt,loan_int_rate,cb_person_cred_hist_length,loan_status
58.0,82198.55,35474.0,7.67,10.0,0
48.0,33592.3,35335.0,6.78,7.0,0
34.0,86287.51,11400.0,15.44,12.0,0
62.0,110942.18,11345.0,16.3,17.0,0
27.0,26987.58,34896.0,11.57,4.0,0
40.0,88170.55,20894.0,14.64,5.0,0
58.0,135108.64,29899.0,19.19,13.0,0
38.0,39941.83,29229.0,19.73,15.0,1
42.0,168769.0,6583.0,22.24,13.0,0
30.0,90175.18,5897.0,19.84,10.0,0
30.0,51405.17,7001.0,15.17,6.0,0
43.0,71119.4,5567.0,8.23,10.0,0
55.0,96680.16,10271.0,6.8,16.0,0
59.0,75963.08,12703.0,5.98,29.0,0
43.0,95738.71,14329.0,17.0,15.0,0
22.0,46150.51,36509.0,19.54,3.0,1
41.0,79592.92,7256.0,14.16,14.0,0
21.0,36067.33,1228.0,5.98,2.0,0
43.0,69174.46,25746.0,14.64,19.0,1
63.0,46539.01,17678.0,21.84,39.0,0
49.0,50626.73,38052.0,15.76,14.0,1
57.0,135678.93,24185.0,19.57,15.0,0
21.0,126204.02,34686.0,19.4,2.0,0
40.0,99167.84,12445.0,21.78,12.0,0
52.0,42355.08,34266.0,18.86,30.0,0
31.0,62429.66,3809.0,18.46,7.0,0
41.0,134127.87,38729.0,9.21,6.0,0
63.0,78500.36,37547.0,6.08,40.0,1
44.0,233203.04,35886.0,14.32,21.0,0
68.0,89023.79,7391.0,7.24,16.0,0
46.0,80500.97,1145.0,22.32,23.0,0
61.0,62657.69,14929.0,10.22,19.0,0
47.0,78180.1,25326.0,20.35,13.0,0
35.0,67762.56,30991.0,11.98,14.0,1
34.0,104198.64,38333.0,10.82,9.0,0
66.0,117989.53,17576.0,21.83,14.0,0
63.0,49365.41,29464.0,11.54,21.0,0
22.0,37585.87,9243.0,12.03,3.0,0
56.0,29199.22,32601.0,6.91,12.0,0
26.0,94277.29,3410.0,17.07,5.0,0
40.0,42121.63,2820.0,10.2,15.0,0
28.0,24923.21,36289.0,15.54,4.0,1
58.0,88813.09,39650.0,15.64,27.0,0
37.0,254358.45,35635.0,17.95,16.0,0
23.0,72908.79,8465.0,18.41,3.0,0
44.0,111217.76,33439.0,14.26,12.0,0
33.0,76184.6,28314.0,10.96,6.0,1
69.0,69602.46,20583.0,20.07,32.0,0
28.0,115790.55,28155.0,10.58,8.0,1
45.0,63250.78,39871.0,14.14,12.0,0
21.0,83591.42,13197.0,12.22,1.0,0
39.0,85892.25,30511.0,20.39,10.0,0
47.0,52362.96,16424.0,12.77,17.0,0
66.0,120092.93,1240.0,11.95,17.0,0
26.0,67004.84,5631.0,17.42,6.0,0
63.0,50117.59,10599.0,15.84,18.0,0
27.0,95631.25,25658.0,6.93,6.0,0
66.0,46665.76,38845.0,14.15,27.0,1
54.0,74168.19,33574.0,18.24,22.0,0
33.0,72797.76,37536.0,22.86,5.0,0
36.0,125862.81,8995.0,16.32,13.0,0
55.0,92720.89,26186.0,11.67,12.0,0
69.0,72221.03,30245.0,9.07,14.0,0
59.0,110071.25,23813.0,20.71,24.0,0
23.0,146547.34,14276.0,19.66,3.0,0
21.0,96655.19,20989.0,9.21,1.0,0
25.0,73509.97,13746.0,8.61,2.0,0
61.0,37952.17,19557.0,17.87,33.0,0
23.0,42935.02,29060.0,10.67,4.0,0
48.0,62779.74,7568.0,10.52,11.0,0
37.0,53919.31,36369.0,7.74,12.0,0
45.0,66603.63,20041.0,9.75,14.0,0
63.0,75231.47,7080.0,12.7,29.0,0
53.0,95305.84,14854.0,18.19,28.0,0
29.0,70597.54,3159.0,11.05,3.0,0
55.0,93269.72,28025.0,10.91,28.0,1
33.0,75526.37,5368.0,10.13,8.0,0
50.0,27235.23,35085.0,13.61,19.0,1
67.0,45721.88,28094.0,8.25,32.0,0
34.0,68047.16,2230.0,13.74,14.0,0
27.0,39940.76,18517.0,17.68,2.0,1
33.0,98712.25,24991.0,5.54,3.0,0
42.0,157215.92,2301.0,5.18,8.0,0
59.0,134508.26,29610.0,6.35,37.0,1
40.0,65727.89,16927.0,14.64,15.0,0
35.0,154100.93,35678.0,20.38,11.0,1
64.0,78773.64,25466.0,5.09,11.0,0
37.0,61787.54,15904.0,21.86,15.0,0
66.0,53814.52,27081.0,6.91,37.0,0
43.0,62866.28,25354.0,20.16,17.0,1
45.0,60229.14,28761.0,13.69,12.0,0
44.0,79634.93,19300.0,16.87,6.0,0
64.0,79244.0,30491.0,14.19,28.0,1
60.0,73241.91,36525.0,13.59,30.0,1
48.0,90986.74,27532.0,20.03,8.0,1
34.0,132630.61,7464.0,18.61,10.0,0
64.0,117568.58,17562.0,13.7,18.0,0
20.0,34806.21,9683.0,7.01,1.0,0
44.0,20394.89,33634.0,7.08,15.0,1
26.0,116676.45,1060.0,19.43,2.0,0
28.0,36921.92,10269.0,14.53,6.0,0
43.0,65356.83,24065.0,13.67,12.0,0
20.0,40739.1,3895.0,17.25,1.0,0
63.0,29703.19,16323.0,20.46,36.0,1
27.0,95868.37,13352.0,16.32,2.0,0
43.0,106892.36,39591.0,18.73,10.0,1
30.0,54816.41,31890.0,18.77,3.0,0
36.0,20019.84,33016.0,11.41,5.0,0
27.0,55652.25,12962.0,9.93,4.0,0
54.0,88956.43,34302.0,19.42,9.0,1
54.0,34910.55,20846.0,11.79,22.0,1
52.0,80151.99,5011.0,21.26,9.0,0
24.0,72572.77,20782.0,6.25,4.0,0
61.0,97698.92,3155.0,6.05,10.0,0
58.0,77636.28,10196.0,21.69,10.0,0
60.0,44957.17,22709.0,16.67,17.0,0
47.0,133024.12,14327.0,11.83,24.0,0
26.0,67557.56,36474.0,18.59,5.0,1
28.0,72138.83,33769.0,17.1,7.0,1
27.0,45860.8,25700.0,14.56,3.0,1
31.0,58592.32,15820.0,6.78,10.0,0
53.0,46985.7,11891.0,19.62,7.0,0
52.0,67072.34,35629.0,20.59,12.0,0
67.0,172104.0,6269.0,8.1,31.0,0
42.0,36829.32,9320.0,20.31,11.0,1
43.0,32637.57,11740.0,20.8,22.0,1
56.0,152601.49,36897.0,14.89,8.0,0
54.0,65863.4,31930.0,16.81,32.0,1
63.0,52337.25,18285.0,11.88,29.0,1
59.0,123001.56,15380.0,10.07,24.0,0
41.0,54024.46,12360.0,18.0,6.0,0
46.0,182226.35,6398.0,20.51,11.0,0
54.0,102637.94,6529.0,16.77,31.0,0
20.0,57299.33,30062.0,14.21,1.0,0
54.0,215056.08,37686.0,7.86,24.0,0
56.0,54021.78,18451.0,5.96,34.0,0
66.0,105984.45,7937.0,13.02,18.0,0
33.0,84935.4,11860.0,5.89,9.0,0
22.0,140206.36,26142.0,15.25,3.0,0
20.0,159652.62,26279.0,11.89,1.0,0
24.0,74310.09,39106.0,18.63,2.0,0
45.0,50175.95,36908.0,10.5,14.0,0
33.0,92040.69,15201.0,15.67,7.0,0
58.0,52111.57,38711.0,14.68,28.0,1
46.0,200124.23,9997.0,5.08,7.0,0
28.0,78297.24,21175.0,6.3,9.0,0
34.0,60921.37,4225.0,10.23,3.0,0
34.0,80204.92,36228.0,20.88,10.0,1
45.0,37288.37,24110.0,7.65,16.0,1
61.0,44989.89,11754.0,17.8,13.0,0
32.0,133279.93,27655.0,22.52,4.0,1
51.0,52656.92,4114.0,19.23,25.0,0
58.0,43327.57,27502.0,9.37,33.0,0
68.0,95638.08,21028.0,21.35,20.0,1
51.0,132303.27,18587.0,6.68,17.0,0
23.0,104765.17,36333.0,13.43,2.0,0
49.0,120333.68,4174.0,20.98,8.0,0
56.0,50091.29,36398.0,16.54,26.0,1
42.0,35921.62,36929.0,12.45,19.0,1
58.0,154920.42,5321.0,10.27,17.0,0
64.0,62234.21,31435.0,11.75,41.0,1
34.0,64510.51,8099.0,14.16,4.0,0
62.0,142073.11,24760.0,10.74,29.0,0
48.0,96578.85,12360.0,22.44,15.0,0
55.0,91852.92,11313.0,21.8,19.0,0
32.0,215885.01,21462.0,20.67,7.0,0
51.0,53010.27,6801.0,12.59,13.0,0
26.0,116299.04,15130.0,17.44,6.0,0
41.0,75245.14,15271.0,21.25,16.0,0
47.0,83641.59,17075.0,20.31,12.0,0
21.0,157036.61,37919.0,12.46,2.0,0
61.0,94269.96,19984.0,7.02,18.0,0
64.0,95716.7,23559.0,6.36,33.0,0
25.0,125023.08,13861.0,15.39,2.0,0
47.0,60932.6,34434.0,16.57,9.0,1
47.0,48069.12,17667.0,20.3,12.0,0
63.0,43373.13,6840.0,10.27,28.0,0
63.0,27359.57,4565.0,8.01,29.0,0
39.0,204455.08,21977.0,11.82,10.0,0
49.0,42124.96,22118.0,11.36,8.0,0
30.0,65471.69,23641.0,7.38,6.0,0
47.0,63677.93,8366.0,17.1,20.0,0
44.0,85280.69,27636.0,14.16,17.0,1
58.0,109959.63,16630.0,17.98,12.0,0
52.0,112446.94,21056.0,11.35,7.0,0
20.0,54636.71,8382.0,10.86,1.0,0
46.0,67267.95,17149.0,13.51,8.0,0
32.0,84228.61,1992.0,20.79,4.0,0
60.0,64579.64,7858.0,5.73,8.0,0
22.0,163353.65,3121.0,19.49,2.0,0
58.0,93478.57,28160.0,11.64,22.0,1
25.0,105602.67,21906.0,20.38,5.0,1
27.0,101868.76,20572.0,19.44,4.0,0
46.0,131496.69,5136.0,11.28,20.0,0
28.0,80058.33,17727.0,17.49,3.0,0
56.0,38237.96,33167.0,7.87,30.0,1
52.0,89307.79,16479.0,21.13,20.0,1
61.0,52802.91,32376.0,12.28,26.0,0
63.0,56144.93,5823.0,13.2,16.0,0
43.0,98045.02,5920.0,17.7,6.0,0
34.0,135827.58,20585.0,19.78,8.0,0
51.0,73912.39,39239.0,9.25,21.0,1
51.0,85341.53,18272.0,16.9,9.0,0
43.0,171289.0,27619.0,12.06,22.0,0
60.0,82485.4,10533.0,11.64,37.0,0
68.0,268563.2,4720.0,17.42,29.0,0
68.0,97027.99,20267.0,11.97,43.0,0
31.0,30321.69,16696.0,11.23,4.0,1
58.0,106582.09,30968.0,20.05,9.0,0
21.0,88484.19,24345.0,6.82,1.0,0
22.0,139368.44,26693.0,17.17,2.0,0
68.0,102394.75,20385.0,9.48,12.0,0
56.0,68239.03,19122.0,5.28,33.0,0
68.0,39650.18,2364.0,8.0,15.0,0
36.0,65873.29,3708.0,15.92,7.0,0
68.0,47798.03,13982.0,17.76,39.0,0
21.0,54706.53,18308.0,5.38,1.0,0
21.0,98153.63,33919.0,5.66,1.0,1
47.0,168544.02,26161.0,21.25,19.0,0
42.0,89084.07,36089.0,6.32,9.0,0
56.0,40217.54,14865.0,21.1,13.0,0
51.0,91336.1,1495.0,9.11,12.0,0
52.0,133028.11,3148.0,18.32,18.0,0
20.0,53912.01,34324.0,10.58,2.0,0
38.0,68390.65,14393.0,20.46,16.0,0
21.0,73669.5,2552.0,17.61,1.0,0
63.0,49392.35,36853.0,12.23,20.0,1
45.0,101127.79,33924.0,6.37,14.0,0
51.0,68839.01,9926.0,18.19,29.0,1
25.0,90198.33,31851.0,16.1,2.0,1
51.0,46922.56,24889.0,5.05,15.0,0
23.0,58763.19,9055.0,5.17,4.0,0
30.0,104944.89,5654.0,19.56,10.0,0
36.0,60692.99,23634.0,9.67,6.0,1
57.0,173421.78,33363.0,16.45,14.0,0
43.0,59885.03,12468.0,13.18,9.0,0
24.0,81825.35,33922.0,20.54,1.0,1
53.0,116575.62,18380.0,21.51,22.0,0
25.0,35983.55,27870.0,22.94,5.0,0
41.0,30320.99,38394.0,7.77,14.0,0
30.0,34104.06,15259.0,20.53,3.0,1
67.0,137488.02,15873.0,9.79,12.0,0
35.0,55496.26,14016.0,15.63,6.0,0
52.0,262787.14,1153.0,14.1,14.0,0
28.0,55153.54,8853.0,5.32,8.0,0
25.0,80199.75,13379.0,21.79,2.0,1
35.0,158111.38,16792.0,6.41,4.0,0
48.0,199395.67,39367.0,17.39,14.0,0
22.0,204997.24,19100.0,19.13,2.0,0
39.0,133810.93,12049.0,19.32,11.0,0
55.0,122031.11,1786.0,7.44,29.0,0
38.0,98347.61,5368.0,13.06,5.0,0
45.0,107923.78,31699.0,19.93,19.0,0
22.0,55514.92,38040.0,10.45,2.0,1
38.0,48576.76,28454.0,13.42,8.0,0
39.0,73007.16,39762.0,9.91,18.0,0
51.0,67165.01,24600.0,13.34,12.0,0
26.0,58301.67,30238.0,20.98,5.0,1
60.0,103589.76,26241.0,13.19,16.0,0
52.0,117907.14,20810.0,15.01,19.0,0
59.0,76435.57,21167.0,12.27,31.0,1
58.0,153087.52,22811.0,13.28,33.0,0
37.0,41322.21,21085.0,5.27,15.0,1
59.0,66381.27,10261.0,10.11,25.0,0
20.0,51102.51,19733.0,12.86,1.0,1
30.0,28759.74,30079.0,16.41,8.0,1
47.0,70168.84,34980.0,13.1,20.0,1
44.0,68811.51,15141.0,11.08,5.0,0
69.0,155861.78,10344.0,11.99,26.0,0
42.0,100248.35,16896.0,9.36,19.0,0
50.0,43822.67,24817.0,21.64,17.0,0
49.0,184803.11,30813.0,14.39,13.0,0
61.0,134661.14,19895.0,5.24,35.0,0
54.0,97836.09,1143.0,5.35,11.0,0
26.0,65300.69,11681.0,22.51,3.0,0
35.0,45264.59,8367.0,8.99,12.0,0
45.0,60712.0,4228.0,19.5,12.0,0
67.0,126042.48,5582.0,6.05,34.0,0
68.0,187642.37,14147.0,21.58,16.0,0
21.0,158201.02,12397.0,20.74,1.0,0
20.0,57272.47,39799.0,15.28,1.0,0
67.0,41780.76,38011.0,5.16,42.0,1
31.0,78467.76,14647.0,9.64,6.0,0
24.0,30205.53,28718.0,12.32,3.0,1
56.0,85955.4,20097.0,13.28,8.0,0
51.0,67927.67,37953.0,10.36,10.0,1
28.0,57929.48,18107.0,5.59,5.0,0
60.0,32946.77,4010.0,15.62,10.0,0
54.0,94542.06,6555.0,14.43,20.0,0
38.0,56030.39,1067.0,10.09,10.0,0
67.0,40743.09,29412.0,5.68,36.0,1
35.0,17393.8,35305.0,22.9,11.0,0
22.0,72131.24,12549.0,13.68,2.0,0
39.0,177393.52,6680.0,18.61,8.0,0
43.0,167817.04,26739.0,13.14,18.0,0
52.0,58189.02,22209.0,5.78,24.0,0
43.0,54116.48,23432.0,10.57,8.0,0
30.0,92446.66,16116.0,10.76,10.0,0
68.0,44391.68,21045.0,20.09,12.0,1
27.0,85041.61,27327.0,16.78,2.0,0
55.0,107263.12,36709.0,9.96,12.0,1
57.0,135058.95,27905.0,22.42,33.0,0
59.0,69558.47,8067.0,10.79,23.0,0
39.0,66049.72,33559.0,22.97,16.0,1
54.0,47146.2,18985.0,22.93,13.0,1
67.0,48366.36,28369.0,8.44,27.0,1
44.0,65300.86,18864.0,10.63,12.0,0
54.0,87876.07,23614.0,13.75,28.0,0
44.0,115473.03,16613.0,16.95,6.0,0
48.0,48942.95,7447.0,14.5,11.0,0
37.0,154252.21,6499.0,22.45,6.0,0
65.0,63859.34,32315.0,18.03,38.0,0
37.0,72353.3,2299.0,8.82,10.0,0
21.0,50331.89,5994.0,6.89,1.0,0
54.0,21761.11,30878.0,17.39,19.0,0
35.0,113780.08,16627.0,7.85,15.0,0
60.0,105706.53,8489.0,19.18,33.0,0
55.0,63534.37,27111.0,10.6,26.0,1
52.0,75621.46,33355.0,10.88,14.0,0
23.0,94652.69,9269.0,5.19,2.0,0
52.0,33480.79,3831.0,17.62,29.0,0
33.0,56132.69,12819.0,7.04,7.0,0
40.0,108785.39,25813.0,18.91,9.0,0
67.0,39060.04,22637.0,13.85,26.0,0
39.0,84692.22,2996.0,19.12,18.0,0
27.0,37112.5,4089.0,15.51,4.0,0
26.0,92338.37,34291.0,6.48,5.0,0
22.0,71838.75,21659.0,18.78,3.0,1
36.0,32611.95,31429.0,6.26,9.0,1
52.0,130923.66,16732.0,13.62,12.0,0
67.0,50650.49,20506.0,8.1,44.0,1
31.0,48770.15,6190.0,18.54,11.0,0
41.0,80844.64,5575.0,21.41,18.0,0
41.0,129873.82,35565.0,14.97,16.0,0
65.0,44006.34,35899.0,14.49,19.0,1
49.0,75420.92,24706.0,18.75,26.0,0
57.0,90618.01,23884.0,5.09,15.0,0
57.0,103419.91,18199.0,21.52,30.0,0
64.0,79875.21,13479.0,8.55,39.0,1
27.0,60869.41,35178.0,22.71,6.0,0
46.0,48349.2,13665.0,18.25,21.0,0
46.0,76349.13,1534.0,18.94,21.0,0
53.0,42784.47,27292.0,16.81,12.0,1
40.0,16972.08,37132.0,13.49,15.0,1
49.0,90969.53,37110.0,15.29,8.0,0
52.0,114917.23,23469.0,5.84,19.0,0
47.0,22438.51,38268.0,16.23,9.0,1
66.0,44140.57,2172.0,16.27,24.0,0
52.0,99665.73,28914.0,21.04,27.0,0
24.0,204586.82,21901.0,14.1,5.0,0
67.0,73894.73,35409.0,6.39,21.0,0
38.0,50817.63,20324.0,10.51,11.0,0
23.0,66739.47,9738.0,16.8,3.0,0
54.0,145428.26,38494.0,9.31,31.0,0
68.0,52945.48,25054.0,10.05,27.0,1
36.0,49040.61,30709.0,19.77,12.0,0
63.0,57447.58,21107.0,15.52,38.0,1
47.0,45403.1,1363.0,14.15,13.0,0
49.0,77756.32,11358.0,10.73,26.0,0
48.0,164775.5,37077.0,18.16,25.0,0
65.0,85951.6,4240.0,10.18,40.0,0
25.0,64461.49,7665.0,18.27,3.0,0
54.0,63202.2,2936.0,6.26,17.0,0
60.0,33469.99,26538.0,20.56,34.0,0
56.0,113726.86,12998.0,13.99,17.0,0
43.0,70338.98,1882.0,12.89,16.0,0
48.0,66820.16,21224.0,16.0,8.0,0
68.0,360971.32,31825.0,16.24,12.0,0
65.0,84912.49,6204.0,7.38,23.0,1
50.0,50216.78,29885.0,18.61,19.0,1
54.0,59090.25,4203.0,9.97,17.0,0
52.0,129861.38,3244.0,21.29,21.0,0
40.0,77391.73,33786.0,19.72,12.0,1
51.0,35627.07,4083.0,11.23,22.0,0
42.0,115799.38,22584.0,19.54,16.0,0
52.0,52361.56,9521.0,11.42,17.0,0
22.0,186586.25,34541.0,6.82,2.0,0
37.0,125495.36,30063.0,22.31,6.0,0
44.0,58474.09,5732.0,16.75,15.0,0
61.0,138760.98,28518.0,13.21,26.0,0
50.0,75654.16,30697.0,12.16,17.0,0
22.0,112014.86,3567.0,10.84,2.0,0
59.0,93187.27,17121.0,22.67,29.0,0
65.0,47897.65,2674.0,7.43,12.0,0
43.0,53009.43,11875.0,10.67,21.0,0
69.0,122391.53,1739.0,13.74,11.0,0
51.0,61858.97,2545.0,13.6,29.0,0
66.0,59765.02,30140.0,13.48,25.0,0
41.0,45362.39,10327.0,8.16,11.0,0
42.0,90381.92,6127.0,7.61,9.0,0
21.0,205101.95,24331.0,9.59,1.0,0
46.0,42883.12,24004.0,21.46,11.0,0
61.0,74021.42,11492.0,7.03,12.0,0
21.0,148169.22,14749.0,18.63,2.0,0
45.0,70275.56,24508.0,18.64,11.0,1
36.0,91691.59,10045.0,19.58,13.0,0
59.0,42993.46,21116.0,20.96,14.0,0
52.0,90594.93,19667.0,9.73,28.0,0
28.0,66597.87,10521.0,9.04,6.0,0
62.0,119714.5,9669.0,13.38,12.0,0
67.0,132414.58,28302.0,9.77,24.0,0
58.0,266940.7,12283.0,18.22,14.0,0
48.0,97715.61,31935.0,16.45,10.0,0
61.0,86068.45,7998.0,20.75,24.0,0
45.0,80595.02,29806.0,6.49,18.0,0
54.0,61292.75,32624.0,21.47,30.0,0
69.0,86616.18,14440.0,10.28,28.0,0
44.0,63088.85,22797.0,13.83,23.0,0
43.0,79557.12,2269.0,12.9,21.0,0
32.0,141322.36,8868.0,18.69,11.0,0
26.0,44210.99,31251.0,12.57,4.0,0
55.0,129306.3,13373.0,21.98,11.0,0
64.0,141288.27,19987.0,21.25,16.0,0
39.0,68938.2,39729.0,20.7,14.0,0
20.0,25312.98,16734.0,6.28,1.0,1
27.0,53964.89,19064.0,20.38,3.0,0
65.0,139874.0,9433.0,19.07,25.0,0
35.0,72299.03,10111.0,6.86,4.0,0
33.0,44371.33,39450.0,6.93,11.0,1
31.0,56818.23,16047.0,6.82,3.0,0
42.0,111336.23,9084.0,5.2,15.0,0
34.0,96121.35,22751.0,14.88,12.0,0
47.0,64895.53,17453.0,22.52,8.0,1
53.0,60875.6,21308.0,12.9,20.0,0
21.0,60121.39,39968.0,14.73,2.0,1
51.0,46110.45,31077.0,22.42,13.0,1
42.0,164010.85,35775.0,9.59,8.0,0
41.0,62245.39,25503.0,20.45,10.0,1
44.0,134400.48,3779.0,14.84,15.0,0
41.0,156476.02,22304.0,15.25,14.0,0
41.0,120469.93,1755.0,11.18,7.0,0
68.0,58934.97,18400.0,15.11,26.0,0
61.0,89488.47,15249.0,6.32,17.0,0
25.0,72251.05,25600.0,18.76,6.0,1
34.0,46543.8,38706.0,10.12,7.0,1
62.0,86006.63,20222.0,20.98,35.0,1
56.0,40557.67,34505.0,11.62,19.0,1
52.0,132434.0,39968.0,7.57,24.0,0
27.0,57970.61,30148.0,17.53,5.0,0
63.0,80868.51,23302.0,7.96,29.0,0
63.0,84258.43,3623.0,18.57,21.0,0
24.0,64250.68,9646.0,22.43,4.0,1
58.0,98061.19,14543.0,19.03,20.0,0
23.0,57673.22,29960.0,5.4,3.0,1
25.0,113057.14,23785.0,15.8,4.0,0
64.0,37309.76,13817.0,17.52,36.0,1
51.0,77900.67,32406.0,19.86,22.0,0
49.0,192810.77,24456.0,6.01,14.0,0
66.0,44348.51,24777.0,13.64,32.0,1
54.0,52110.8,21914.0,14.64,23.0,0
59.0,94556.6,30553.0,8.04,35.0,1
35.0,80000.72,24548.0,10.8,13.0,0
32.0,87143.81,38265.0,12.92,9.0,0
69.0,93395.04,7727.0,20.0,22.0,0
61.0,100444.51,33427.0,21.73,32.0,1
49.0,127369.8,17692.0,16.31,19.0,1
38.0,89761.31,32625.0,12.11,18.0,0
36.0,64820.11,25918.0,9.57,7.0,1
38.0,102363.64,16577.0,22.68,5.0,0
47.0,189082.93,20619.0,22.69,7.0,0
45.0,68437.97,34710.0,21.65,17.0,1
56.0,44924.35,38388.0,19.14,33.0,0
45.0,127203.1,17195.0,10.86,5.0,0
42.0,68858.53,28689.0,19.71,17.0,1
28.0,24677.95,12154.0,12.36,7.0,1
31.0,111715.51,30412.0,10.88,9.0,0
20.0,55956.84,22341.0,18.41,1.0,1
20.0,69893.88,33018.0,6.43,2.0,1
66.0,86334.98,10145.0,5.87,11.0,0
53.0,80438.63,23223.0,13.06,26.0,0
51.0,104268.64,3880.0,13.02,13.0,0
67.0,58821.15,22271.0,21.12,26.0,0
44.0,94518.69,34313.0,7.27,20.0,1
59.0,64230.06,14304.0,7.22,16.0,0
64.0,105810.52,35695.0,7.65,15.0,0
20.0,99477.2,31225.0,5.54,1.0,1
35.0,45811.05,21536.0,6.29,10.0,1
58.0,125868.26,31831.0,16.88,22.0,0
24.0,55939.07,12673.0,12.77,2.0,0
41.0,109538.23,22917.0,18.74,5.0,0
48.0,87872.63,28829.0,22.87,15.0,0
22.0,183338.94,16372.0,16.86,1.0,0
31.0,65399.31,26938.0,5.91,11.0,1
45.0,61410.84,3663.0,6.88,6.0,0
35.0,72423.8,10465.0,20.86,9.0,0
56.0,62843.96,4326.0,14.49,9.0,0
41.0,109094.63,4659.0,19.85,6.0,0
48.0,32592.74,28594.0,20.42,20.0,1
33.0,43181.13,5763.0,21.7,10.0,0
47.0,42877.33,24121.0,22.1,6.0,1
24.0,117612.88,11828.0,14.99,1.0,0
66.0,172009.79,12221.0,11.14,12.0,0
68.0,69409.25,12211.0,22.31,37.0,0
49.0,67210.79,14569.0,14.85,19.0,0
65.0,75737.3,32358.0,6.16,11.0,0
24.0,130736.5,38860.0,16.57,3.0,1
31.0,45996.63,7022.0,15.58,9.0,0
35.0,82387.13,14515.0,21.12,14.0,0
45.0,119085.72,7159.0,16.76,23.0,0
45.0,93952.73,22691.0,11.28,12.0,0
67.0,80401.72,25904.0,22.39,14.0,0
40.0,120634.8,4044.0,19.43,8.0,0
58.0,18927.74,10612.0,16.35,30.0,1
55.0,102635.35,6636.0,10.27,33.0,0
52.0,52731.18,12593.0,11.72,18.0,0
49.0,29280.69,3892.0,17.06,13.0,0
56.0,94428.79,22672.0,6.3,19.0,0
42.0,145339.73,6812.0,9.62,10.0,0
29.0,68273.42,32085.0,17.85,4.0,1
24.0,117763.93,1654.0,13.64,4.0,0
55.0,163757.04,18143.0,12.24,8.0,0
53.0,141132.89,2798.0,7.73,13.0,0
50.0,166039.71,38927.0,12.95,21.0,0
29.0,105986.15,30087.0,18.87,2.0,0
38.0,75941.37,12618.0,9.75,5.0,0
51.0,32827.34,9446.0,5.1,13.0,0
20.0,64664.57,22646.0,17.03,2.0,0
24.0,47972.19,37591.0,22.51,4.0,1
64.0,216527.18,28200.0,15.92,10.0,0
23.0,66973.82,30571.0,7.16,3.0,1
35.0,77777.11,23538.0,10.77,7.0,0
43.0,96350.0,21900.0,20.62,16.0,0
35.0,74742.28,23356.0,9.19,12.0,0
21.0,170676.55,24023.0,15.94,2.0,0
68.0,53566.29,18392.0,12.25,27.0,1
47.0,80604.01,21698.0,8.74,26.0,0
51.0,50451.35,27535.0,19.64,29.0,1
46.0,37797.14,36450.0,18.37,23.0,1
39.0,53858.5,34757.0,16.91,13.0,1
43.0,71788.65,13476.0,9.25,12.0,0
31.0,59003.31,5711.0,6.76,6.0,0
69.0,51729.81,7479.0,15.37,11.0,0
54.0,36200.97,32390.0,14.97,13.0,1
52.0,70153.94,14161.0,8.39,24.0,0
52.0,34462.94,33152.0,6.01,21.0,1
62.0,106940.51,15635.0,6.45,37.0,0
56.0,76207.86,31297.0,22.87,9.0,0
31.0,35285.39,21836.0,19.1,4.0,0
22.0,62654.79,25831.0,21.6,3.0,1
20.0,50207.61,2007.0,8.51,1.0,0
52.0,85783.95,27331.0,22.29,10.0,1
59.0,142946.43,11763.0,7.57,37.0,0
29.0,28635.82,4908.0,14.16,8.0,0
62.0,77459.7,28573.0,19.93,21.0,0
63.0,67503.42,20187.0,11.3,35.0,0
48.0,102300.52,12957.0,12.65,20.0,0
32.0,81356.69,5379.0,7.31,11.0,0
31.0,50212.3,28959.0,7.21,10.0,0
50.0,62347.14,17482.0,16.15,8.0,1
65.0,49118.31,28105.0,17.16,30.0,1
21.0,125242.05,1877.0,18.99,1.0,0
69.0,73913.87,19252.0,15.02,12.0,0
54.0,189206.7,32334.0,16.62,30.0,0
42.0,70945.67,20049.0,5.24,14.0,0
36.0,51317.99,18772.0,7.92,13.0,0
45.0,34308.31,3637.0,22.73,21.0,0
27.0,29685.98,8242.0,6.37,8.0,0
48.0,33121.31,36651.0,17.22,24.0,1
45.0,83580.32,34972.0,8.17,15.0,0
29.0,94311.89,17928.0,17.9,5.0,0
45.0,33170.12,29742.0,17.71,8.0,1
53.0,114407.18,12831.0,9.22,17.0,0
60.0,57438.46,20556.0,9.85,19.0,0
26.0,78699.85,26343.0,16.79,5.0,1
23.0,163752.32,23834.0,12.02,3.0,0
69.0,114510.25,34422.0,8.5,45.0,1
64.0,63942.19,24205.0,18.17,33.0,0
30.0,46835.83,19830.0,7.77,8.0,1
48.0,24936.61,9412.0,20.4,13.0,0
55.0,51042.98,4666.0,14.26,8.0,0
44.0,65803.93,38045.0,6.9,10.0,0
40.0,44641.1,21786.0,17.49,16.0,0
55.0,68485.1,6515.0,14.34,13.0,0
29.0,75995.24,27627.0,10.37,8.0,0
56.0,65353.87,16198.0,12.61,23.0,0
28.0,52838.68,4985.0,10.37,3.0,0
43.0,79564.82,30475.0,9.73,10.0,0
54.0,91214.61,20403.0,7.94,20.0,0
68.0,42395.63,4681.0,11.53,25.0,0
54.0,148073.82,27019.0,9.52,27.0,0
67.0,69612.95,28586.0,17.3,35.0,0
55.0,73822.94,38521.0,17.31,22.0,1
37.0,104204.15,37770.0,14.03,15.0,0
68.0,82175.14,6629.0,19.0,30.0,0
58.0,117779.36,28710.0,20.14,35.0,0
51.0,84420.21,31328.0,15.44,12.0,0
43.0,53840.5,13278.0,16.14,17.0,0
42.0,87618.88,9417.0,10.09,11.0,1
51.0,41280.14,35765.0,21.11,13.0,0
56.0,77209.66,9963.0,5.44,12.0,0
31.0,71925.42,38292.0,11.27,8.0,0
68.0,65903.15,26009.0,17.99,18.0,0
32.0,68578.29,28675.0,6.44,5.0,0
42.0,28540.39,37175.0,8.3,21.0,1
44.0,55583.27,7731.0,15.61,20.0,0
54.0,76605.37,12332.0,15.08,26.0,0
60.0,79215.57,20177.0,18.3,32.0,0
49.0,43746.3,24718.0,19.63,27.0,1
36.0,137702.92,3911.0,7.31,11.0,0
68.0,47425.37,19799.0,5.33,18.0,1
39.0,118744.4,16194.0,17.41,17.0,0
67.0,90544.54,5951.0,10.43,35.0,0
44.0,52938.51,29333.0,16.27,13.0,1
41.0,177665.07,22673.0,7.71,12.0,0
32.0,40262.73,6565.0,13.44,7.0,0
38.0,115795.05,23821.0,14.08,17.0,0
68.0,120606.83,26494.0,15.53,22.0,0
55.0,52296.77,34941.0,14.24,32.0,1
31.0,146712.86,9624.0,13.92,11.0,0
60.0,64535.89,1835.0,10.99,27.0,0
38.0,84486.48,19646.0,6.28,12.0,0
31.0,83296.43,12824.0,6.61,6.0,0
28.0,68380.68,38335.0,12.81,2.0,1
26.0,109688.97,4815.0,11.4,2.0,0
47.0,108743.19,3429.0,14.29,21.0,0
33.0,30507.69,3607.0,10.49,8.0,0
50.0,140388.68,26650.0,17.38,10.0,0
38.0,31848.77,39698.0,20.55,8.0,1
66.0,122549.84,33353.0,10.38,41.0,0
35.0,128457.39,37790.0,8.47,8.0,0
24.0,42383.6,12991.0,7.09,5.0,0
54.0,59551.27,22168.0,16.09,15.0,0
31.0,42072.42,32099.0,12.99,8.0,0
44.0,65679.33,36919.0,8.38,6.0,0
40.0,62691.61,32416.0,16.76,12.0,0
55.0,107993.93,6580.0,7.67,24.0,0
42.0,140808.26,8054.0,14.98,9.0,0
35.0,146949.15,25090.0,14.49,10.0,0
58.0,55210.92,16823.0,18.22,26.0,0
64.0,65866.75,38341.0,5.99,31.0,1
61.0,31516.95,16339.0,20.98,32.0,0
58.0,48877.13,4491.0,17.65,17.0,0
33.0,118471.28,1706.0,8.89,9.0,0
50.0,164027.83,32957.0,8.3,28.0,0
24.0,39451.43,16728.0,12.77,5.0,1
54.0,54380.88,7997.0,19.72,31.0,1
42.0,72171.26,39001.0,20.17,11.0,1
48.0,84126.81,39523.0,14.37,23.0,1
62.0,48785.98,26163.0,20.49,28.0,1
30.0,90402.8,18718.0,5.1,3.0,0
37.0,57703.92,22972.0,5.63,15.0,1
66.0,72603.9,19231.0,21.41,32.0,0
31.0,96099.76,13126.0,18.96,4.0,0
28.0,73365.65,24595.0,13.11,3.0,0
29.0,58794.7,13118.0,18.56,9.0,0
63.0,69230.38,4317.0,22.2,11.0,0
36.0,69969.77,16504.0,18.9,5.0,1
57.0,60778.69,4057.0,20.16,19.0,0
26.0,64254.17,27660.0,18.69,2.0,0
65.0,162644.74,38196.0,8.03,39.0,1
32.0,96805.56,1402.0,20.0,7.0,0
59.0,63086.36,9605.0,8.51,25.0,0
61.0,103619.13,16761.0,21.07,37.0,0
28.0,61888.54,28043.0,13.26,6.0,1
69.0,131473.73,34635.0,17.19,23.0,0
46.0,87976.16,14779.0,13.95,21.0,0
21.0,69310.31,16155.0,6.69,2.0,0
24.0,91478.43,34132.0,10.23,3.0,1
48.0,33341.63,24851.0,22.71,21.0,1
56.0,41631.66,16366.0,22.29,29.0,0
57.0,40256.93,29408.0,10.77,29.0,0
38.0,78548.5,7571.0,22.93,18.0,0
27.0,173903.79,15017.0,20.22,7.0,0
67.0,223161.29,5150.0,16.0,36.0,0
64.0,100611.87,20423.0,5.72,37.0,0
20.0,93941.0,5137.0,21.23,1.0,0
41.0,29716.9,30992.0,15.03,10.0,1
36.0,55751.7,29902.0,20.63,13.0,0
26.0,49321.14,14833.0,20.02,5.0,0
44.0,53614.57,2381.0,19.99,8.0,0
64.0,67233.58,9154.0,17.57,19.0,0
23.0,57754.39,35235.0,10.25,2.0,1
55.0,27183.08,14439.0,11.05,22.0,1
25.0,106293.04,20122.0,10.55,5.0,0
50.0,42771.55,24956.0,5.36,27.0,0
38.0,82423.3,18264.0,15.49,15.0,0
63.0,206290.64,4149.0,17.58,36.0,0
58.0,46180.26,25660.0,20.37,21.0,1
46.0,20637.32,21528.0,7.52,13.0,1
29.0,63385.97,2168.0,14.8,5.0,0
45.0,126814.39,36897.0,5.14,17.0,0
38.0,194691.93,16032.0,6.71,6.0,0
58.0,39546.21,36294.0,5.98,24.0,1
22.0,93746.5,4516.0,18.06,3.0,0
64.0,57950.52,20751.0,6.46,23.0,1
32.0,69357.24,31373.0,17.9,12.0,1
69.0,274353.22,31270.0,9.49,32.0,0
47.0,34493.11,11386.0,20.8,10.0,0
39.0,83022.74,37323.0,19.64,11.0,1
47.0,92396.7,15157.0,22.24,20.0,0
27.0,125855.94,38879.0,20.91,4.0,0
60.0,76802.43,4626.0,21.8,11.0,0
58.0,85308.15,21400.0,20.46,24.0,0
20.0,60124.68,37643.0,17.48,2.0,0
22.0,83663.95,39265.0,8.06,2.0,1
32.0,61599.18,16979.0,9.89,12.0,0
47.0,99786.28,12529.0,8.83,23.0,0
68.0,60790.87,17645.0,15.86,15.0,0
44.0,88304.84,27424.0,14.07,18.0,0
52.0,72068.23,14382.0,20.61,17.0,0
57.0,128415.34,5025.0,22.15,15.0,0
25.0,71275.16,14844.0,12.29,5.0,0
63.0,30136.24,5175.0,14.11,32.0,0
64.0,137442.48,31519.0,22.49,15.0,0
51.0,46496.57,10174.0,9.97,28.0,0
64.0,52739.33,4443.0,19.26,33.0,0
66.0,54294.02,22395.0,9.05,41.0,0
40.0,145396.39,11725.0,17.27,9.0,0
35.0,25138.68,34461.0,9.57,15.0,1
40.0,351116.82,32351.0,20.91,10.0,0
30.0,123998.95,19196.0,15.11,3.0,0
56.0,81766.22,15254.0,8.35,28.0,0
55.0,71150.53,15021.0,9.04,26.0,0
54.0,84353.96,6724.0,13.89,22.0,0
38.0,94898.31,29690.0,22.31,11.0,1
39.0,100972.94,2407.0,18.85,5.0,0
37.0,96548.64,9032.0,13.79,12.0,0
66.0,76480.44,18794.0,11.08,24.0,0
60.0,66259.28,20881.0,14.89,25.0,1
68.0,67803.11,21756.0,18.47,25.0,0
33.0,66339.84,30416.0,19.11,13.0,0
34.0,128911.97,26752.0,10.84,10.0,0
50.0,98398.26,13926.0,17.98,23.0,0
20.0,16811.29,34765.0,16.84,2.0,1
22.0,101513.84,15390.0,22.26,2.0,0
35.0,80609.2,39867.0,21.76,4.0,1
42.0,72449.54,22939.0,19.21,5.0,0
30.0,60218.85,28307.0,18.02,8.0,0
31.0,128290.99,31828.0,9.93,5.0,0
29.0,117449.44,29513.0,20.23,7.0,0
51.0,49690.11,25502.0,12.7,11.0,1
35.0,89637.24,31063.0,9.9,7.0,0
27.0,44988.93,23486.0,11.91,5.0,0
57.0,36687.48,39258.0,20.05,34.0,1
31.0,53457.46,32692.0,7.68,8.0,1
43.0,112554.94,39384.0,13.21,21.0,0
47.0,117778.68,16958.0,13.86,25.0,0
27.0,94517.73,36016.0,5.66,3.0,1
47.0,105087.42,18232.0,8.52,12.0,0
55.0,94664.01,11748.0,19.88,27.0,0
45.0,53064.28,11514.0,19.95,22.0,1
27.0,90758.85,23738.0,10.26,5.0,0
69.0,109120.14,9695.0,20.75,46.0,0
47.0,106632.72,9070.0,18.89,6.0,0
47.0,132515.74,28765.0,12.52,12.0,0
56.0,104208.81,31761.0,18.47,24.0,1
60.0,87179.47,17698.0,22.3,22.0,0
55.0,124875.82,16123.0,13.26,10.0,0
46.0,72167.09,36144.0,9.29,13.0,1
36.0,47054.54,26616.0,21.95,4.0,1
28.0,67404.46,38146.0,15.87,6.0,1
52.0,50390.03,12182.0,6.89,28.0,0
39.0,52177.72,25833.0,15.31,17.0,1
32.0,68032.49,34342.0,14.01,10.0,1
47.0,49206.94,32331.0,20.4,15.0,1
67.0,62693.89,27128.0,14.55,27.0,0
48.0,28372.98,32556.0,9.59,9.0,1
32.0,81360.64,22969.0,17.16,6.0,0
65.0,73174.53,22876.0,14.77,16.0,0
54.0,48603.74,9949.0,9.19,28.0,0
25.0,101683.75,25518.0,15.33,6.0,0
37.0,116866.21,6670.0,19.79,11.0,0
24.0,32735.65,25099.0,5.51,4.0,1
66.0,49943.0,13716.0,16.36,14.0,0
44.0,49783.0,39885.0,11.29,16.0,0
21.0,45708.91,8837.0,10.27,2.0,0
29.0,110717.53,20159.0,12.07,6.0,0
49.0,66375.74,37877.0,11.16,11.0,0
69.0,64070.71,22560.0,19.98,42.0,1
64.0,26851.28,18106.0,9.95,33.0,0
24.0,100479.5,9720.0,18.2,5.0,0
52.0,39354.7,38661.0,6.69,26.0,0
20.0,75355.06,29362.0,22.13,2.0,0
37.0,84009.78,29258.0,16.2,6.0,0
51.0,144398.09,22782.0,17.72,9.0,0
66.0,38009.44,22120.0,10.36,21.0,1
68.0,16159.19,20790.0,12.42,15.0,1
30.0,80171.61,28912.0,9.03,7.0,0
40.0,179917.84,35812.0,21.79,14.0,1
45.0,135872.63,37160.0,13.79,16.0,0
44.0,81212.93,20156.0,16.35,10.0,1
41.0,57192.72,11672.0,18.22,19.0,0
46.0,109487.02,15444.0,11.68,6.0,0
68.0,44946.44,7784.0,17.96,22.0,0
32.0,92797.86,18929.0,17.17,10.0,0
52.0,94158.53,2070.0,17.7,25.0,0
53.0,124256.71,23906.0,13.81,17.0,1
60.0,290636.91,35618.0,11.89,9.0,0
54.0,88983.66,3939.0,9.0,23.0,0
20.0,56699.36,30841.0,19.84,1.0,1
40.0,72201.26,17301.0,15.95,6.0,0
67.0,30195.92,8194.0,13.0,32.0,0
25.0,51670.56,6851.0,21.99,3.0,0
47.0,59596.9,17378.0,5.86,13.0,0
36.0,56272.19,1678.0,20.3,10.0,0
24.0,78919.01,31640.0,22.96,5.0,0
50.0,48474.35,34756.0,20.96,28.0,1
24.0,128093.45,30777.0,19.59,3.0,0
57.0,73138.01,27183.0,11.74,15.0,0
22.0,72791.16,28445.0,9.16,2.0,0
42.0,62072.15,2502.0,18.23,9.0,0
56.0,79030.99,22665.0,10.48,22.0,0
56.0,110475.51,17198.0,8.17,24.0,0
29.0,47402.72,22411.0,19.16,6.0,0
29.0,52624.75,16867.0,10.63,5.0,0
38.0,62826.8,15266.0,21.46,7.0,1
36.0,37311.79,36208.0,20.13,10.0,1
40.0,48551.05,32213.0,20.26,10.0,1
33.0,57635.25,8367.0,18.89,9.0,0
28.0,113232.06,14490.0,20.86,7.0,0
65.0,83389.75,36362.0,19.5,30.0,0
20.0,80563.02,39285.0,15.85,1.0,1
64.0,111909.86,10219.0,10.32,27.0,0
32.0,68276.04,7310.0,20.99,6.0,0
23.0,88896.89,37307.0,20.13,1.0,0
20.0,69451.86,30631.0,13.51,1.0,0
68.0,83506.62,15744.0,5.7,19.0,0
59.0,54645.42,20867.0,16.49,27.0,0
51.0,21603.09,19625.0,5.91,24.0,0
53.0,68381.69,7378.0,21.67,29.0,0
47.0,148951.21,20149.0,22.31,25.0,0
50.0,116204.6,12422.0,8.41,7.0,0
27.0,118503.61,28926.0,17.18,8.0,0
58.0,135681.48,38679.0,6.66,27.0,0
45.0,76445.15,34171.0,18.13,18.0,0
53.0,80713.24,14180.0,11.25,7.0,0
22.0,53700.31,28301.0,17.26,3.0,1
69.0,62440.14,37931.0,11.71,15.0,1
31.0,99497.28,25014.0,7.62,10.0,0
20.0,133511.41,31936.0,12.31,1.0,0
63.0,68205.25,15336.0,7.03,29.0,0
24.0,58390.32,23200.0,15.38,3.0,1
49.0,73149.75,6470.0,5.74,11.0,0
49.0,98775.35,31859.0,14.49,9.0,0
36.0,35527.86,15953.0,20.95,9.0,1
67.0,23200.05,39507.0,20.08,14.0,1
66.0,55532.94,28433.0,20.89,26.0,1
42.0,39721.34,26957.0,21.6,15.0,1
34.0,56722.71,7523.0,6.88,12.0,0
56.0,67921.63,22387.0,7.32,26.0,0
40.0,58301.07,32169.0,15.03,5.0,0
33.0,151181.1,23990.0,21.09,6.0,0
21.0,86109.27,30661.0,22.54,1.0,0
30.0,84985.61,14419.0,5.83,10.0,0
58.0,99817.98,15457.0,11.4,32.0,0
57.0,41381.26,3064.0,8.83,18.0,0
53.0,122952.81,39083.0,18.61,9.0,1
57.0,70411.92,11566.0,16.52,32.0,0
69.0,102256.57,34085.0,7.16,42.0,1
53.0,42790.5,32528.0,13.7,28.0,1
37.0,33628.21,7130.0,17.34,15.0,0
49.0,110078.04,3042.0,19.02,17.0,0
34.0,88274.34,5598.0,5.36,5.0,0
46.0,46582.22,33886.0,21.03,15.0,1
53.0,47342.73,34477.0,15.25,19.0,1
57.0,128375.83,29716.0,19.61,21.0,0
52.0,40347.88,13601.0,19.54,20.0,0
43.0,166264.72,37018.0,8.42,10.0,0
34.0,46615.56,9061.0,6.98,7.0,0
49.0,100629.02,9609.0,17.98,16.0,0
61.0,62049.69,36371.0,7.82,13.0,1
36.0,98873.22,18485.0,20.3,9.0,0
24.0,55711.56,21805.0,18.07,5.0,0
48.0,67413.7,8857.0,20.15,23.0,0
23.0,74642.07,12620.0,10.38,2.0,0
29.0,44307.37,9177.0,10.7,6.0,0
36.0,105917.12,31111.0,17.08,4.0,0
29.0,56579.0,24042.0,5.57,7.0,1
36.0,65231.65,19645.0,18.08,9.0,0
39.0,44481.35,25405.0,20.04,11.0,1
43.0,20309.28,12826.0,12.47,20.0,1
24.0,66468.68,14890.0,18.77,3.0,0
53.0,244337.98,17892.0,8.14,8.0,0
25.0,108261.2,10484.0,10.8,3.0,0
21.0,72429.56,6495.0,22.54,2.0,0
32.0,64122.76,29481.0,22.75,7.0,0
62.0,73956.54,12267.0,14.23,35.0,0
62.0,96139.89,7743.0,21.82,25.0,0
67.0,40521.73,38939.0,14.41,33.0,1
30.0,127664.48,27569.0,10.25,6.0,0
66.0,104578.23,29552.0,9.8,24.0,1
42.0,104724.97,29948.0,21.73,12.0,1
35.0,91056.72,11775.0,8.1,8.0,0
50.0,73851.26,4557.0,15.43,18.0,0
30.0,102378.36,4587.0,15.0,5.0,0
35.0,98312.56,17535.0,18.31,14.0,0
27.0,61265.96,1954.0,13.99,4.0,0
23.0,54896.18,24544.0,9.9,2.0,0
59.0,76951.31,34455.0,8.05,11.0,0
23.0,158658.61,16138.0,16.17,1.0,0
44.0,39357.68,4127.0,17.94,13.0,0
22.0,35109.86,24147.0,15.25,1.0,0
51.0,79410.07,12559.0,18.29,7.0,0
22.0,75015.04,4395.0,7.55,2.0,0
46.0,79751.5,26389.0,20.88,19.0,0
48.0,82617.48,1845.0,15.48,8.0,0
51.0,65407.94,34932.0,7.28,17.0,1
69.0,154034.47,39672.0,13.31,37.0,0
38.0,32844.78,14731.0,20.21,18.0,1
40.0,48327.28,34122.0,21.16,15.0,1
24.0,69450.71,36585.0,9.76,2.0,1
37.0,32157.65,4832.0,17.8,13.0,0
47.0,66974.87,33332.0,6.8,18.0,1
61.0,167834.74,13467.0,5.6,15.0,0
41.0,73898.16,14107.0,15.09,18.0,1
40.0,82071.86,13458.0,17.51,11.0,0
25.0,38945.47,29666.0,19.32,6.0,0
20.0,53734.97,3581.0,11.12,1.0,0
24.0,60621.31,10582.0,5.12,4.0,0
60.0,62388.89,9418.0,13.63,30.0,0
31.0,138804.52,29091.0,5.29,7.0,0
45.0,96649.42,30113.0,6.66,15.0,0
65.0,41951.57,19827.0,10.88,37.0,1
53.0,82722.95,15419.0,12.87,24.0,0
68.0,93817.89,12814.0,10.03,41.0,0
33.0,129323.79,34804.0,15.47,12.0,1
45.0,161178.92,11024.0,6.0,24.0,0
64.0,44022.36,8435.0,7.6,32.0,0
46.0,48755.4,2548.0,17.51,15.0,0
28.0,38995.87,6065.0,7.56,3.0,0
45.0,65055.11,23880.0,16.52,19.0,1
66.0,92335.06,4407.0,5.98,19.0,0
41.0,119810.58,34407.0,12.33,9.0,0
66.0,70405.35,33940.0,8.19,18.0,1
49.0,62322.4,6666.0,6.97,25.0,0
62.0,78895.46,38122.0,15.21,36.0,1
67.0,48166.96,26092.0,21.71,31.0,1
36.0,207891.04,11109.0,5.99,10.0,0
45.0,32734.0,36654.0,12.59,18.0,1
55.0,80207.34,35932.0,17.74,23.0,1
20.0,201149.38,27505.0,13.33,1.0,0
27.0,73379.5,37713.0,19.52,4.0,1
68.0,66501.55,8746.0,8.23,23.0,0
54.0,61161.75,12975.0,22.27,22.0,0
34.0,66823.1,16596.0,11.93,10.0,0
66.0,145280.88,38953.0,11.15,25.0,0
41.0,24199.06,34861.0,20.74,20.0,0
33.0,157426.95,4880.0,15.15,4.0,0
45.0,35883.09,3785.0,14.3,12.0,0
47.0,64002.27,23449.0,18.09,14.0,0
42.0,59005.02,15799.0,15.44,5.0,1
33.0,98152.4,4990.0,7.93,7.0,1
43.0,32890.46,20073.0,17.14,10.0,1
21.0,92142.02,37863.0,7.4,2.0,0
64.0,201220.14,15549.0,19.51,20.0,0
45.0,36990.37,19259.0,22.82,19.0,1
33.0,80406.72,20790.0,11.79,8.0,0
26.0,52523.13,10979.0,13.01,2.0,0
22.0,90485.38,21316.0,5.84,3.0,0
66.0,73833.95,27183.0,5.25,13.0,0
42.0,53064.13,29324.0,21.59,19.0,1
65.0,93333.66,25624.0,7.32,40.0,1
62.0,180263.34,39176.0,13.02,19.0,0
66.0,66472.8,21245.0,19.68,41.0,0
64.0,104807.33,24790.0,21.01,35.0,0
37.0,38306.07,27756.0,14.35,16.0,0
57.0,45332.61,3833.0,15.17,26.0,0
54.0,92614.7,6285.0,17.05,13.0,0
34.0,153592.46,10589.0,22.3,13.0,0
44.0,87361.21,15116.0,15.85,9.0,0
56.0,62534.33,8645.0,15.07,13.0,0
47.0,73104.54,30150.0,5.26,11.0,1
29.0,39135.93,11889.0,6.46,5.0,0
58.0,98938.89,31286.0,15.39,22.0,1
36.0,113682.7,38545.0,21.85,13.0,0
58.0,58334.84,16994.0,20.6,34.0,0
41.0,57813.58,36503.0,22.69,6.0,1
45.0,83528.16,25662.0,14.5,23.0,0
63.0,58784.89,27639.0,19.18,38.0,1
44.0,70751.83,18205.0,20.13,6.0,0
36.0,208952.22,33930.0,16.66,8.0,0
32.0,64633.44,8777.0,11.1,11.0,0
39.0,61134.4,29315.0,13.46,13.0,0
44.0,52903.73,27973.0,20.44,19.0,0
23.0,106095.61,19316.0,10.37,4.0,0
29.0,66795.29,28304.0,21.63,6.0,1
22.0,52855.31,37303.0,9.14,1.0,1
60.0,141584.5,31522.0,18.49,26.0,0
64.0,148717.16,23340.0,16.35,11.0,0
37.0,54164.89,20830.0,18.49,12.0,0
66.0,28759.69,14403.0,12.87,36.0,1
55.0,121025.54,15516.0,21.79,23.0,0
66.0,51931.72,20091.0,16.38,43.0,1
41.0,108587.63,8959.0,10.19,12.0,0
53.0,27308.36,32932.0,16.49,25.0,1
66.0,114267.64,31554.0,10.16,32.0,1
27.0,39911.27,37701.0,10.29,8.0,1
59.0,105385.68,4385.0,12.19,29.0,0
68.0,73654.21,34690.0,20.34,16.0,0
63.0,45389.24,11367.0,14.01,39.0,0
38.0,59663.87,34332.0,17.22,13.0,0
61.0,103069.54,20642.0,12.06,10.0,0
60.0,77106.84,11789.0,9.74,28.0,0
56.0,97949.42,36268.0,22.18,31.0,1
25.0,196461.21,21950.0,15.86,4.0,0
45.0,33452.41,26563.0,21.81,12.0,1
53.0,164161.55,37404.0,8.66,27.0,0
64.0,77047.54,33991.0,7.64,34.0,0
25.0,46658.39,1350.0,20.4,4.0,0
56.0,37603.15,19312.0,17.26,12.0,1
52.0,66532.1,25127.0,8.36,13.0,0
41.0,115939.65,29853.0,9.85,16.0,0
40.0,68612.19,38500.0,19.41,17.0,1
25.0,155683.05,34785.0,13.17,3.0,0
25.0,35398.06,19610.0,17.07,3.0,0
67.0,72689.74,24590.0,10.73,12.0,0
23.0,39097.09,30443.0,11.86,3.0,1
49.0,87712.17,8170.0,22.83,6.0,0
30.0,113941.87,14303.0,9.46,3.0,0
49.0,59255.81,7207.0,14.12,6.0,0
50.0,19888.42,13316.0,20.2,21.0,1
43.0,80779.14,36187.0,9.31,12.0,0
28.0,90977.66,7240.0,12.47,4.0,0
22.0,89513.74,2893.0,16.07,3.0,0
50.0,135657.84,14753.0,13.66,11.0,0
59.0,42807.7,39090.0,13.27,19.0,1
56.0,102755.54,12232.0,11.53,33.0,0
55.0,132754.09,18509.0,15.56,18.0,0
43.0,30052.65,4117.0,16.24,15.0,0
50.0,85804.43,37929.0,16.76,8.0,1
25.0,56835.14,5042.0,6.27,5.0,0
21.0,70209.48,38201.0,16.36,1.0,1
39.0,87015.21,27746.0,22.16,16.0,0
47.0,57318.9,15016.0,14.74,11.0,0
30.0,52163.9,26022.0,17.87,6.0,1
23.0,74389.96,36426.0,15.02,4.0,0
34.0,42462.52,28938.0,20.39,14.0,0
25.0,42492.69,36712.0,21.73,2.0,1
68.0,102712.25,9787.0,8.32,38.0,0
49.0,41175.68,2986.0,12.86,13.0,0
57.0,102043.68,11942.0,12.06,23.0,0
21.0,92161.31,18458.0,12.29,1.0,0
34.0,30856.31,13161.0,7.26,10.0,0
30.0,52115.5,21689.0,19.65,5.0,1
27.0,132860.46,30163.0,5.64,4.0,0
45.0,44775.54,36775.0,14.51,6.0,1
64.0,57976.78,34737.0,16.91,14.0,1
63.0,92136.87,9772.0,8.73,38.0,0
24.0,108195.52,36592.0,21.31,5.0,0
25.0,64487.75,2211.0,20.09,5.0,0
45.0,54243.85,1229.0,13.48,11.0,0
23.0,148923.04,15345.0,12.4,2.0,0
38.0,174459.84,36953.0,9.26,14.0,0
39.0,119303.87,32819.0,18.14,18.0,0
52.0,76317.62,17885.0,7.37,18.0,0
39.0,48818.62,27708.0,17.24,16.0,0
68.0,48280.25,1048.0,20.16,44.0,0
31.0,94964.37,20950.0,9.11,11.0,0
66.0,90147.19,16173.0,20.6,17.0,0
20.0,147384.38,34737.0,5.6,1.0,0
45.0,101237.55,29036.0,21.43,15.0,0
33.0,34491.21,6820.0,7.13,9.0,0
57.0,123744.45,15292.0,16.62,13.0,0
56.0,44398.89,4052.0,9.5,15.0,0
30.0,60355.92,24781.0,20.06,9.0,1
55.0,82875.94,3302.0,14.22,20.0,0
32.0,198358.99,3283.0,7.43,6.0,0
62.0,346264.87,16620.0,15.28,28.0,0
22.0,99048.17,31461.0,12.34,3.0,0
52.0,66729.45,21750.0,16.91,25.0,1
25.0,95535.47,33890.0,20.87,2.0,0
69.0,113985.64,24183.0,12.37,37.0,0
29.0,62296.85,10472.0,10.22,7.0,0
24.0,179441.71,4727.0,5.26,1.0,0
42.0,82046.0,26523.0,15.35,18.0,0
29.0,93795.44,31766.0,12.24,5.0,1
63.0,102023.87,38726.0,11.74,19.0,0
21.0,90291.02,1524.0,8.29,2.0,0
32.0,111242.77,10079.0,12.74,6.0,0
59.0,53711.02,9399.0,22.72,18.0,0
21.0,55317.75,28370.0,10.36,2.0,0
39.0,42189.34,17532.0,15.79,6.0,1
20.0,91103.42,17821.0,18.98,2.0,1
56.0,107954.84,4749.0,18.48,22.0,0
28.0,91939.54,12353.0,10.92,3.0,0
36.0,168931.1,29477.0,16.0,5.0,0
28.0,72926.11,25570.0,20.68,6.0,0
30.0,102167.7,21837.0,5.28,8.0,0
34.0,42368.04,12437.0,12.84,4.0,0
43.0,60261.59,39104.0,9.04,9.0,0
57.0,103545.76,5551.0,12.0,30.0,0
54.0,111809.42,3823.0,12.49,8.0,0
49.0,63134.11,13916.0,18.44,25.0,0
50.0,70558.71,16167.0,6.69,21.0,0
68.0,34237.03,9391.0,14.23,25.0,0
24.0,61174.48,13658.0,15.16,3.0,0
63.0,114141.2,30685.0,13.89,10.0,1
69.0,97499.5,24380.0,18.17,40.0,0
33.0,93932.61,29919.0,11.91,4.0,1
30.0,74973.26,3311.0,22.01,5.0,0
28.0,73389.16,14560.0,13.67,6.0,0
53.0,52566.77,39553.0,15.28,13.0,1
31.0,103716.26,26993.0,19.86,7.0,0
54.0,90263.32,31492.0,9.95,28.0,0
54.0,93527.37,21981.0,6.35,19.0,0
20.0,56217.46,25143.0,17.74,2.0,1
59.0,24917.57,13067.0,13.69,33.0,1
41.0,126573.24,24916.0,21.14,10.0,0
48.0,57559.89,4815.0,22.69,14.0,0
27.0,47506.04,32836.0,12.18,4.0,1
30.0,103439.22,38477.0,12.48,8.0,1
60.0,60113.74,38275.0,12.34,17.0,1
56.0,124239.72,5773.0,10.84,33.0,0
33.0,99558.73,13446.0,19.07,9.0,0
49.0,102927.97,31733.0,18.66,15.0,1
54.0,36938.96,11464.0,13.62,23.0,0
40.0,134050.52,22576.0,5.8,10.0,0
56.0,83335.11,4320.0,10.57,29.0,0
24.0,60800.99,11750.0,10.26,4.0,0
38.0,78565.99,38466.0,19.6,5.0,0
33.0,30088.02,27572.0,6.58,5.0,0
45.0,89709.0,18948.0,19.5,22.0,0
23.0,43709.22,39826.0,17.05,3.0,1
44.0,37185.15,24515.0,18.18,22.0,1
64.0,34160.33,28867.0,12.78,12.0,1
61.0,127560.26,1726.0,17.24,17.0,0
44.0,53389.44,26820.0,15.96,9.0,1
37.0,157450.1,7697.0,18.84,11.0,0
59.0,55943.6,13963.0,13.04,19.0,0
27.0,31142.26,2081.0,13.51,3.0,0
58.0,41845.43,21269.0,16.58,26.0,0
59.0,135659.83,11776.0,6.95,24.0,0
33.0,67646.5,32816.0,12.85,6.0,0
51.0,55595.43,15196.0,22.5,18.0,0
57.0,79221.98,16958.0,5.68,28.0,0
52.0,93985.08,24369.0,10.69,12.0,0
42.0,127861.05,12689.0,10.65,10.0,0
34.0,150881.44,18331.0,16.4,7.0,0
52.0,61090.75,38528.0,6.9,25.0,1
44.0,37683.45,14436.0,16.31,21.0,1
36.0,59472.39,1066.0,6.71,8.0,0
52.0,83294.7,31725.0,6.71,14.0,0
66.0,45166.93,26212.0,18.11,39.0,0
21.0,45316.41,34332.0,10.83,3.0,0
33.0,86846.19,26401.0,22.59,10.0,0
59.0,71372.92,14393.0,5.67,37.0,0
59.0,74339.56,4670.0,13.01,27.0,0
58.0,50048.73,26601.0,7.04,29.0,1
25.0,65172.94,3251.0,11.32,3.0,0
25.0,46068.44,34572.0,22.97,4.0,1
22.0,114130.66,28027.0,21.0,1.0,0
26.0,122715.59,32846.0,5.87,6.0,0
27.0,29053.84,22015.0,15.14,8.0,0
61.0,45947.03,10583.0,16.66,27.0,0
34.0,34604.37,24104.0,8.77,7.0,0
66.0,52838.11,13224.0,7.61,15.0,0
48.0,70142.28,39784.0,21.28,12.0,1
52.0,35425.15,31836.0,22.44,13.0,0
49.0,46123.14,30299.0,22.85,20.0,0
58.0,44268.18,14036.0,19.22,34.0,0
46.0,81115.85,20933.0,16.94,7.0,1
55.0,75710.5,13392.0,11.22,7.0,0
48.0,50977.07,8938.0,8.09,19.0,1
57.0,79890.36,5141.0,6.42,16.0,0
52.0,55640.13,24350.0,17.48,28.0,1
56.0,63842.38,10546.0,19.13,16.0,0
46.0,168843.25,6335.0,19.88,11.0,0
52.0,142947.19,6077.0,21.45,13.0,0
23.0,38185.43,6611.0,20.84,2.0,0
41.0,110731.79,36660.0,23.0,14.0,0
21.0,109721.24,6577.0,9.39,1.0,0
29.0,41186.6,21002.0,18.74,5.0,1
24.0,110126.92,35275.0,15.56,3.0,0
29.0,157781.42,29647.0,9.7,2.0,1
52.0,41719.65,35831.0,22.67,7.0,1
57.0,46223.73,35768.0,21.16,22.0,0
32.0,121641.17,31962.0,7.31,10.0,0
50.0,83763.08,30583.0,5.47,28.0,0
66.0,96349.56,2294.0,17.39,16.0,0
55.0,86707.41,16096.0,15.87,10.0,0
64.0,88907.16,37833.0,21.84,11.0,0
43.0,37675.45,28328.0,9.21,13.0,0
34.0,123458.32,25398.0,6.52,10.0,0
48.0,131241.58,18706.0,9.67,24.0,0
27.0,65205.86,23340.0,5.34,6.0,1
24.0,71557.85,19825.0,5.65,2.0,0
48.0,34011.24,18482.0,21.47,16.0,0
66.0,94573.01,10318.0,11.34,40.0,0
23.0,97346.18,16574.0,12.39,2.0,0
31.0,70891.41,15650.0,5.33,7.0,1
64.0,128306.43,29930.0,9.87,40.0,0
21.0,61880.56,21171.0,19.49,2.0,0
46.0,96984.16,35864.0,16.08,20.0,1
50.0,43921.88,12801.0,18.57,12.0,1
55.0,72274.3,23372.0,13.05,18.0,0
55.0,67025.13,17559.0,10.58,10.0,0
45.0,81850.85,33334.0,13.69,17.0,1
62.0,60793.4,14288.0,10.82,12.0,0
46.0,68477.72,23398.0,20.1,22.0,0
24.0,110527.94,11694.0,10.36,5.0,0
39.0,58783.58,13191.0,16.88,12.0,0
30.0,32751.74,19051.0,7.47,4.0,0
29.0,175394.32,11737.0,17.36,2.0,0
59.0,145907.34,26251.0,21.44,31.0,0
57.0,38325.42,6147.0,15.95,24.0,0
25.0,103244.36,20643.0,15.08,5.0,0
27.0,56869.4,39967.0,22.3,4.0,0
42.0,83428.36,34314.0,16.29,13.0,1
66.0,84720.43,38999.0,9.67,35.0,1
45.0,65042.49,19467.0,10.26,14.0,0
65.0,49420.33,35808.0,17.7,29.0,1
62.0,51778.46,2752.0,18.24,33.0,0
31.0,46254.04,2849.0,10.46,5.0,0
45.0,48247.0,3642.0,11.22,7.0,0
32.0,70714.85,2600.0,22.84,8.0,0
59.0,51129.66,21786.0,6.84,10.0,1
37.0,102849.91,21183.0,12.28,14.0,0
44.0,153833.03,2132.0,6.12,18.0,0
52.0,54719.39,39259.0,19.78,28.0,0
66.0,82429.8,32076.0,6.66,31.0,0
59.0,93886.56,39563.0,17.13,10.0,0
62.0,92595.99,27691.0,6.02,17.0,0
31.0,75961.18,11931.0,17.11,10.0,0
63.0,106015.57,8633.0,20.17,14.0,0
55.0,93071.61,38777.0,12.18,25.0,1
67.0,39386.12,35881.0,14.4,37.0,1
23.0,112936.17,2044.0,12.23,2.0,0
24.0,113964.86,36199.0,10.41,3.0,0
56.0,49928.98,25363.0,19.46,22.0,0
27.0,74530.89,2582.0,9.9,7.0,0
61.0,102915.6,15374.0,18.01,15.0,0
68.0,65863.72,2308.0,8.71,43.0,0
47.0,125052.51,22301.0,9.5,18.0,0
50.0,238455.08,9793.0,11.06,29.0,0
28.0,49365.5,2620.0,15.6,3.0,0
48.0,36661.33,30883.0,13.18,9.0,0
33.0,85127.83,38534.0,18.41,12.0,1
59.0,104901.94,38960.0,8.84,33.0,0
60.0,65157.77,7093.0,5.19,21.0,0
41.0,151241.07,23259.0,18.98,16.0,0
30.0,37447.57,21655.0,19.79,10.0,1
42.0,103410.24,34005.0,6.07,6.0,0
20.0,54017.84,32629.0,16.0,1.0,1
65.0,172765.24,24610.0,11.81,37.0,0
56.0,198046.61,22602.0,19.29,18.0,0
40.0,49844.91,21409.0,20.74,9.0,1
45.0,55560.15,12110.0,20.32,20.0,0
65.0,112397.16,7073.0,18.99,20.0,0
55.0,60260.65,36310.0,9.84,7.0,1
42.0,71488.68,16282.0,19.61,21.0,0
20.0,74064.69,11195.0,14.6,1.0,0
59.0,28005.7,2537.0,5.95,32.0,0
34.0,72626.21,18138.0,13.22,12.0,0
40.0,51799.52,25207.0,21.96,5.0,0
66.0,57150.22,21619.0,20.98,15.0,1
28.0,150514.7,25845.0,6.84,4.0,0
28.0,39016.76,25310.0,18.39,4.0,0
29.0,109820.51,38899.0,19.5,7.0,1
45.0,63609.53,31562.0,9.88,17.0,0
60.0,63584.18,29036.0,13.49,23.0,1
54.0,108573.86,9697.0,17.8,13.0,0
44.0,86684.09,18513.0,12.9,12.0,0
45.0,97275.9,4145.0,7.03,16.0,0
30.0,118668.87,28818.0,17.71,6.0,0
57.0,61966.29,31544.0,21.41,11.0,1
21.0,53845.9,14100.0,16.74,2.0,1
26.0,42507.03,21104.0,18.93,2.0,1
37.0,48401.92,5067.0,11.45,9.0,0
46.0,319511.07,37963.0,8.3,20.0,0
53.0,136262.68,31728.0,16.57,7.0,0
46.0,37214.84,33317.0,10.9,17.0,1
36.0,37751.14,32416.0,20.48,8.0,1
62.0,93053.79,3509.0,7.21,9.0,0
63.0,96146.89,22400.0,12.8,15.0,0
43.0,96224.75,7533.0,12.14,21.0,0
44.0,64377.67,15670.0,21.88,15.0,0
26.0,68684.09,4932.0,7.76,7.0,0
25.0,86158.14,39328.0,5.18,4.0,0
43.0,76339.56,37784.0,9.29,15.0,1
52.0,24109.22,24723.0,19.76,16.0,1
68.0,65192.53,1719.0,8.77,21.0,0
48.0,47776.86,1074.0,9.34,11.0,0
62.0,79826.09,27498.0,7.34,19.0,0
41.0,325341.12,32345.0,17.88,12.0,0
45.0,87881.17,21541.0,6.25,9.0,0
47.0,62519.59,35917.0,10.96,10.0,1
69.0,115948.42,27028.0,10.08,20.0,0
40.0,93092.04,30545.0,14.99,11.0,0
68.0,90223.68,15033.0,18.15,33.0,0
26.0,99054.48,32673.0,14.59,6.0,0
36.0,204489.47,31974.0,21.76,7.0,0
39.0,41545.97,24097.0,22.13,7.0,1
60.0,92671.48,37975.0,11.51,20.0,1
68.0,46018.99,28608.0,19.0,41.0,0
39.0,96544.21,24525.0,18.3,4.0,0
41.0,46196.38,16043.0,21.07,16.0,1
47.0,59356.48,12725.0,13.06,15.0,0
59.0,63098.67,37704.0,14.55,13.0,1
68.0,119122.58,38383.0,12.48,21.0,1
26.0,115754.54,30483.0,20.31,3.0,0
20.0,39227.81,8265.0,9.13,2.0,0
51.0,75166.96,23763.0,9.31,18.0,0
32.0,51287.9,11116.0,11.71,8.0,0
49.0,38977.8,16733.0,9.15,19.0,0
42.0,65610.53,26502.0,15.1,16.0,0
38.0,62677.55,38420.0,7.42,11.0,0
51.0,246066.78,10247.0,10.76,7.0,0
49.0,90805.93,24840.0,21.44,13.0,0
48.0,36724.2,22058.0,12.37,10.0,1
68.0,55139.02,35929.0,18.47,34.0,0
64.0,121867.74,19635.0,7.04,11.0,0
48.0,207777.15,26628.0,9.46,18.0,0
49.0,33090.73,32362.0,19.53,11.0,1
35.0,28567.87,21953.0,18.73,15.0,0
59.0,186368.76,20128.0,11.95,18.0,0
38.0,88859.09,13061.0,22.18,9.0,0
37.0,47375.17,7041.0,21.39,16.0,0
20.0,95541.36,13673.0,22.32,1.0,0
33.0,19577.3,22059.0,12.7,13.0,1
66.0,73253.97,35328.0,8.55,10.0,0
69.0,86155.63,18548.0,16.28,21.0,0
21.0,116091.63,16078.0,17.33,2.0,1
47.0,44048.74,6419.0,7.26,24.0,0
68.0,76331.7,36490.0,19.16,19.0,1
69.0,46041.0,11550.0,5.33,43.0,1
49.0,83091.02,31337.0,13.69,19.0,0
57.0,46738.66,2468.0,10.96,30.0,0
23.0,59632.12,25309.0,18.33,2.0,0
20.0,44448.76,1808.0,10.63,1.0,0
27.0,101272.29,25747.0,19.88,8.0,0
48.0,112333.29,7719.0,15.71,26.0,0
58.0,65035.58,17363.0,19.29,22.0,0
22.0,74542.07,29718.0,22.81,1.0,1
51.0,35443.82,29801.0,17.22,9.0,0
29.0,62954.13,38841.0,22.73,7.0,0
29.0,71317.55,9012.0,5.52,2.0,0
38.0,271141.62,19029.0,11.09,10.0,0
65.0,41940.89,1767.0,6.94,19.0,0
53.0,152068.84,4895.0,9.72,25.0,0
52.0,120382.49,16332.0,20.1,8.0,0
42.0,84146.8,15621.0,5.58,13.0,0
47.0,176188.59,12334.0,14.36,18.0,0
51.0,88084.58,19174.0,15.21,21.0,0
69.0,88838.87,34653.0,15.1,25.0,0
26.0,71213.64,37674.0,13.56,3.0,1
48.0,134831.95,38260.0,19.23,20.0,1
27.0,126529.99,3073.0,7.4,7.0,0
20.0,53485.26,7269.0,10.59,1.0,0
22.0,37811.8,18194.0,16.08,3.0,1
43.0,66072.62,27811.0,17.44,18.0,0
42.0,49019.86,7841.0,12.27,18.0,0
27.0,70844.15,35800.0,20.76,3.0,1
66.0,135770.21,10699.0,12.48,24.0,0
56.0,58183.04,11762.0,12.25,21.0,0
22.0,71581.24,3147.0,5.65,2.0,0
52.0,75283.13,34383.0,14.92,19.0,0
47.0,111771.9,34715.0,17.76,12.0,0
66.0,23778.93,39445.0,7.06,33.0,1
27.0,53995.17,3013.0,10.5,5.0,0
53.0,81278.91,21081.0,19.06,18.0,0
54.0,133257.61,17874.0,11.59,32.0,0
51.0,57185.11,38755.0,9.35,16.0,0
43.0,28616.07,9733.0,17.1,11.0,0
33.0,99693.5,10479.0,8.54,6.0,0
51.0,53226.88,10825.0,21.12,27.0,0
65.0,40342.74,22304.0,6.9,26.0,1
62.0,53520.89,36694.0,17.72,27.0,1
35.0,66685.13,16635.0,13.99,6.0,0
23.0,54047.99,21760.0,20.66,3.0,0
56.0,24275.36,10490.0,7.27,15.0,1
40.0,114523.25,22252.0,17.2,16.0,0
33.0,138335.55,7862.0,15.3,12.0,0
50.0,101291.83,5423.0,13.64,22.0,0
67.0,41405.01,11450.0,13.85,35.0,0
37.0,66121.83,35841.0,18.0,11.0,1
26.0,72892.38,23554.0,21.88,6.0,0
29.0,98656.28,32826.0,6.64,5.0,0
26.0,102147.21,7825.0,5.35,5.0,0
52.0,50661.07,13454.0,19.5,13.0,0
42.0,76190.94,25251.0,6.95,6.0,1
40.0,91916.9,21648.0,22.76,11.0,0
38.0,151434.91,25530.0,16.15,10.0,0
67.0,104011.14,13516.0,16.72,19.0,0
38.0,108502.48,9558.0,8.58,14.0,0
55.0,76260.72,9719.0,9.33,9.0,0
48.0,148038.78,5886.0,16.87,11.0,0
37.0,89758.8,29185.0,21.38,14.0,1
21.0,47546.15,38387.0,22.68,2.0,1
20.0,147514.98,22575.0,8.56,1.0,0
66.0,103668.3,11100.0,7.41,29.0,0
24.0,58599.3,8856.0,6.02,5.0,0
39.0,57541.03,39169.0,20.63,13.0,1
30.0,84820.1,29804.0,10.3,3.0,0
61.0,92188.66,36790.0,5.03,19.0,0
21.0,80712.29,31988.0,9.03,1.0,0
22.0,85447.24,11912.0,11.13,3.0,0
42.0,171095.76,39506.0,22.84,7.0,0
31.0,124962.83,23368.0,14.42,6.0,1
39.0,80444.1,2770.0,8.68,8.0,0
24.0,117084.98,13305.0,11.03,5.0,0
56.0,43640.38,10969.0,10.95,16.0,0
57.0,89229.19,13404.0,5.36,35.0,0
49.0,180710.79,9989.0,7.43,7.0,0
28.0,65576.79,36983.0,17.51,3.0,1
53.0,47867.07,20360.0,7.16,13.0,1
63.0,52783.59,21121.0,9.15,35.0,0
54.0,42411.87,27287.0,11.31,29.0,1
41.0,49395.72,35160.0,18.64,6.0,1
63.0,60763.58,7789.0,15.48,10.0,0
43.0,36214.56,28181.0,17.4,18.0,1
36.0,73703.77,15385.0,15.21,5.0,0
29.0,114822.02,18061.0,17.3,3.0,0
49.0,46449.54,1105.0,5.05,7.0,0
65.0,156317.11,22137.0,21.76,11.0,0
42.0,94409.41,35714.0,7.0,9.0,1
51.0,122429.46,6544.0,12.31,8.0,0
36.0,52632.17,14275.0,18.88,8.0,1
69.0,112113.0,35550.0,12.83,40.0,0
36.0,42363.1,20641.0,22.04,8.0,1
33.0,114133.46,7213.0,13.42,11.0,0
28.0,79691.62,15485.0,20.75,3.0,0
59.0,96435.11,16605.0,19.59,27.0,0
21.0,40627.59,38637.0,22.66,1.0,1
64.0,46745.12,21390.0,21.68,33.0,0
44.0,98579.06,10867.0,21.17,8.0,0
58.0,45516.31,4981.0,18.17,33.0,0
28.0,92189.65,10493.0,11.61,4.0,0
41.0,36917.14,6682.0,6.91,10.0,0
62.0,111757.55,6782.0,17.4,38.0,0
65.0,39487.46,30799.0,22.62,28.0,0
23.0,96389.25,17984.0,18.08,2.0,0
45.0,99989.0,23760.0,21.72,23.0,0
48.0,51617.4,26993.0,19.48,13.0,1
64.0,97832.61,2524.0,7.94,12.0,0
53.0,83301.44,27120.0,9.49,31.0,0
42.0,55858.62,1078.0,11.15,9.0,0
56.0,44166.54,36891.0,8.03,30.0,1
30.0,27410.66,26473.0,15.47,4.0,1
25.0,87101.12,9417.0,22.56,5.0,0
37.0,33443.03,14362.0,18.71,11.0,1
40.0,76701.16,2209.0,12.62,20.0,0
61.0,64104.89,38921.0,5.08,25.0,0
55.0,102700.41,5898.0,10.64,8.0,0
60.0,62879.61,19562.0,14.48,26.0,1
57.0,62023.96,11871.0,10.84,12.0,0
53.0,105444.01,8610.0,7.0,27.0,0
36.0,86467.94,28382.0,12.97,14.0,0
56.0,85654.58,16791.0,9.56,20.0,0
44.0,92469.47,36312.0,21.37,19.0,1
57.0,33935.4,39290.0,6.83,12.0,1
31.0,106765.95,3370.0,5.88,7.0,0
42.0,99333.13,20665.0,5.1,11.0,0
61.0,43987.4,5710.0,10.91,27.0,0
41.0,64728.69,1328.0,16.89,5.0,0
40.0,71707.19,39347.0,18.15,16.0,1
46.0,68374.25,21612.0,13.16,7.0,0
50.0,86416.16,7794.0,17.32,21.0,0
25.0,149594.47,33888.0,11.48,1.0,0
46.0,125603.24,7749.0,17.02,22.0,0
59.0,37944.9,21608.0,5.73,13.0,1
53.0,99811.13,16450.0,12.03,20.0,0
31.0,142125.63,4675.0,19.24,5.0,0
64.0,88734.52,19460.0,19.45,32.0,0
26.0,126183.21,39411.0,17.89,3.0,0
29.0,200012.52,12560.0,8.68,8.0,0
64.0,122009.57,33463.0,9.45,18.0,0
36.0,82839.0,32663.0,22.93,13.0,0
45.0,123320.78,4170.0,6.86,6.0,0
40.0,78624.92,34123.0,8.25,9.0,1
47.0,74009.71,29810.0,7.34,16.0,0
65.0,61346.47,10718.0,10.9,11.0,0
21.0,159804.53,1028.0,8.78,1.0,0
62.0,48571.18,18397.0,13.96,38.0,1
20.0,157343.07,3024.0,13.57,2.0,0
55.0,93894.97,39607.0,21.23,27.0,1
45.0,36328.1,14503.0,5.63,10.0,1
48.0,87888.54,11303.0,10.76,11.0,0
40.0,25590.76,18138.0,15.74,14.0,0
30.0,99982.86,26345.0,15.89,3.0,1
59.0,113847.57,30505.0,13.64,35.0,0
30.0,54383.82,2906.0,19.68,4.0,0
55.0,77790.44,8961.0,6.13,33.0,0
68.0,194284.47,27140.0,19.68,27.0,0
58.0,56790.63,13031.0,13.91,30.0,0
59.0,43068.46,16128.0,7.41,8.0,1
54.0,153404.22,16663.0,20.94,30.0,0
53.0,195105.09,35228.0,16.69,14.0,0
66.0,73265.7,16682.0,7.94,32.0,0
43.0,121264.76,16193.0,5.61,19.0,0
41.0,143019.74,29561.0,7.54,7.0,0
24.0,50451.0,8766.0,15.96,3.0,0
52.0,57374.03,30844.0,8.23,19.0,1
55.0,135325.36,30432.0,9.06,15.0,0
66.0,169822.18,30504.0,5.45,26.0,0
39.0,96900.55,38146.0,18.01,9.0,1
38.0,47103.04,21858.0,19.59,9.0,0
54.0,197507.25,4071.0,19.34,24.0,0
62.0,56078.88,17939.0,7.3,28.0,0
36.0,61847.76,25931.0,21.26,7.0,1
64.0,86783.25,2040.0,17.1,38.0,0
62.0,159066.91,3686.0,21.16,35.0,0
53.0,112082.22,13666.0,13.05,19.0,0
28.0,89988.1,36321.0,12.87,5.0,0
45.0,92193.44,2779.0,19.12,13.0,0
21.0,74739.0,14186.0,6.68,2.0,0
28.0,96671.1,17459.0,14.38,7.0,1
28.0,20644.82,21710.0,20.05,3.0,0
59.0,63050.82,23219.0,19.94,27.0,0
36.0,82508.86,6057.0,22.21,7.0,0
20.0,41130.0,19733.0,17.57,1.0,0
44.0,88712.99,20157.0,8.74,18.0,0
62.0,66023.39,36030.0,5.37,29.0,0
59.0,175911.77,20613.0,13.63,20.0,0
61.0,160573.95,18492.0,14.25,24.0,0
44.0,57936.17,21746.0,9.32,22.0,0
58.0,67817.88,6188.0,7.24,25.0,0
54.0,70475.91,30680.0,15.55,24.0,1
22.0,58347.41,38825.0,18.76,1.0,0
69.0,80620.84,37766.0,22.88,16.0,1
56.0,50054.06,9864.0,18.65,16.0,0
63.0,41551.64,37445.0,19.29,26.0,1
63.0,99843.14,6796.0,16.1,33.0,0
49.0,100184.1,9123.0,22.75,13.0,0
57.0,48915.13,9222.0,16.52,18.0,0
53.0,114425.33,25074.0,20.48,13.0,1
31.0,53327.7,30825.0,22.02,5.0,1
38.0,82998.9,37839.0,21.74,17.0,1
56.0,110213.21,3786.0,11.87,25.0,0
63.0,71911.66,34638.0,6.42,14.0,1
68.0,91800.26,37964.0,8.09,35.0,1
36.0,56488.09,26988.0,6.07,13.0,0
29.0,66288.17,36507.0,6.9,7.0,0
68.0,65977.58,34708.0,8.32,15.0,1
66.0,50347.83,34108.0,11.14,23.0,0
31.0,66944.08,30715.0,14.78,4.0,0
35.0,33714.75,24806.0,17.81,13.0,1
43.0,57206.52,37901.0,8.8,16.0,1
38.0,63421.76,18043.0,17.11,11.0,0
27.0,64338.28,11225.0,17.68,4.0,0
50.0,64812.34,10752.0,15.06,11.0,0
40.0,70906.54,4457.0,21.27,6.0,0
36.0,92941.06,10241.0,7.0,16.0,0
42.0,113239.3,1453.0,8.19,8.0,0
56.0,52844.95,10896.0,12.72,9.0,0
35.0,40070.66,22826.0,7.28,15.0,1
25.0,43433.13,11976.0,15.19,4.0,1
27.0,57319.64,34586.0,12.17,7.0,0
44.0,61330.92,5868.0,10.12,6.0,0
37.0,49761.75,17396.0,8.06,11.0,0
44.0,38251.64,32634.0,11.04,12.0,0
31.0,58217.4,13171.0,15.94,10.0,0
34.0,80074.55,25111.0,15.36,4.0,1
45.0,98470.74,34688.0,7.95,13.0,0
60.0,55342.06,22304.0,7.25,32.0,1
64.0,59486.29,29253.0,5.48,26.0,0
45.0,46011.69,31980.0,5.22,16.0,0
66.0,71989.85,3017.0,20.84,13.0,0
51.0,47848.05,8957.0,5.81,10.0,0
29.0,97398.29,5792.0,18.16,7.0,0
35.0,29943.48,14237.0,20.7,11.0,1
26.0,61094.99,17251.0,6.77,7.0,0
36.0,85012.51,20252.0,12.85,13.0,0
42.0,80171.01,11707.0,22.32,13.0,0
45.0,281114.36,35206.0,20.01,22.0,0
40.0,87107.65,29740.0,13.81,6.0,0
41.0,44266.02,4543.0,18.73,12.0,0
26.0,69721.77,36031.0,20.0,3.0,1
33.0,30087.85,1211.0,11.26,4.0,0
34.0,70241.89,1331.0,21.06,12.0,0
26.0,48217.24,24244.0,13.47,4.0,0
28.0,115577.33,9169.0,14.5,6.0,0
67.0,55560.61,23104.0,22.99,24.0,1
27.0,68983.11,15591.0,20.18,5.0,0
69.0,53221.68,32711.0,11.51,14.0,1
42.0,174455.62,1727.0,5.19,16.0,0
48.0,62278.94,22359.0,16.27,15.0,1
37.0,182823.87,37011.0,17.67,15.0,0
50.0,109872.5,38863.0,16.71,11.0,0
49.0,93063.13,23998.0,22.42,11.0,0
58.0,87936.18,11929.0,20.53,26.0,1
54.0,89045.13,15842.0,13.08,29.0,0
37.0,27893.91,24519.0,6.13,10.0,1
61.0,63612.06,18393.0,13.57,30.0,0
58.0,111589.14,35318.0,17.41,36.0,0
36.0,71364.18,9995.0,15.94,16.0,0
33.0,36221.39,29656.0,14.69,11.0,0
50.0,71239.15,16567.0,13.44,23.0,0
43.0,171450.99,29840.0,10.29,9.0,0
54.0,136413.48,24831.0,9.99,28.0,0
63.0,70898.03,14265.0,14.0,22.0,0
64.0,117680.03,6424.0,7.89,40.0,0
53.0,60885.27,21625.0,11.13,9.0,1
22.0,31196.59,15086.0,10.83,2.0,1
56.0,46063.08,30187.0,15.57,22.0,0
62.0,159762.62,36929.0,6.2,21.0,1
59.0,63767.79,21539.0,19.93,14.0,0
45.0,64751.23,26103.0,15.12,17.0,1
42.0,62949.05,28874.0,17.07,17.0,0
63.0,189485.6,10215.0,17.66,29.0,0
58.0,164881.03,23044.0,10.25,15.0,0
34.0,221768.68,12926.0,13.47,11.0,0
68.0,67540.14,32501.0,22.21,19.0,0
23.0,84779.77,30774.0,18.8,2.0,1
48.0,34258.11,26008.0,22.45,21.0,1
41.0,153041.93,18560.0,18.43,18.0,0
44.0,40786.66,25340.0,8.16,14.0,0
32.0,81502.4,25976.0,6.16,8.0,0
37.0,42249.54,28626.0,15.4,8.0,1
52.0,54478.78,33720.0,11.44,19.0,0
35.0,48115.94,36001.0,9.96,5.0,1
64.0,53963.46,5700.0,19.53,40.0,0
61.0,55850.77,8860.0,11.61,33.0,0
63.0,55595.95,8526.0,10.71,30.0,0
21.0,110931.37,39327.0,20.3,2.0,0
54.0,42090.13,3513.0,20.23,27.0,0
61.0,81656.01,8830.0,11.41,23.0,0
53.0,134454.29,15781.0,19.98,14.0,0
49.0,56579.49,8910.0,20.31,10.0,0
32.0,51074.5,16847.0,12.63,9.0,0
32.0,65168.9,6649.0,6.2,12.0,0
37.0,131908.34,10120.0,5.03,6.0,0
51.0,80583.87,2951.0,14.42,11.0,0
51.0,56072.06,11165.0,11.19,17.0,0
54.0,93147.39,15352.0,22.95,28.0,0
58.0,42144.27,10746.0,18.9,16.0,0
65.0,102814.3,29997.0,18.7,18.0,1
48.0,89706.96,25183.0,22.19,19.0,1
68.0,62698.69,9804.0,20.98,29.0,0
48.0,48084.11,28169.0,10.73,7.0,1
63.0,46941.6,1595.0,7.99,12.0,0
35.0,95550.36,30592.0,18.43,11.0,0
63.0,135197.27,21823.0,11.81,24.0,0
66.0,53175.13,6972.0,13.52,42.0,0
29.0,91967.76,16882.0,16.35,7.0,0
49.0,25757.64,1858.0,21.34,6.0,0
44.0,54594.65,6519.0,12.54,14.0,0
58.0,72003.54,24769.0,19.1,20.0,1
39.0,46404.81,26020.0,9.83,6.0,0
24.0,45786.6,38085.0,17.56,5.0,1
20.0,52371.1,20838.0,5.03,2.0,1
49.0,84634.42,13879.0,20.69,11.0,0
68.0,66591.72,34798.0,5.55,19.0,0
22.0,23882.1,25290.0,17.83,1.0,1
64.0,25327.6,11255.0,5.83,19.0,0
33.0,53990.72,2447.0,9.79,9.0,0
49.0,91935.57,30195.0,13.95,15.0,0
69.0,18513.35,3850.0,12.56,45.0,0
23.0,56961.73,29400.0,8.45,1.0,1
37.0,56211.47,12953.0,11.01,12.0,0
56.0,146410.4,24535.0,18.1,30.0,0
44.0,60324.23,11000.0,17.05,14.0,0
67.0,88565.22,10503.0,6.29,10.0,0
20.0,78482.31,16493.0,18.45,1.0,0
65.0,25202.96,5055.0,5.95,20.0,0
34.0,107377.25,39170.0,14.77,14.0,1
28.0,81446.22,33408.0,9.68,8.0,1
34.0,94290.37,35440.0,15.58,14.0,0
68.0,520798.69,29251.0,9.7,39.0,0
43.0,25795.2,5532.0,22.73,11.0,0
23.0,173225.3,5924.0,10.58,4.0,0
31.0,63340.25,13546.0,9.36,12.0,0
56.0,84428.85,27579.0,10.01,17.0,0
56.0,71485.07,7085.0,21.14,15.0,1
62.0,59152.96,13390.0,16.45,26.0,0
25.0,54999.73,14280.0,18.15,2.0,0
58.0,86228.36,25118.0,21.52,9.0,0
65.0,34249.02,5864.0,21.41,41.0,1
43.0,106434.98,34989.0,18.3,21.0,0
30.0,59391.29,36628.0,8.56,4.0,1
32.0,41562.99,27849.0,20.18,7.0,1
53.0,58395.47,28566.0,8.67,27.0,1
44.0,137114.91,11702.0,18.37,17.0,0
26.0,55956.64,16385.0,17.34,4.0,1
23.0,87485.37,10336.0,18.66,4.0,0
27.0,50742.64,32225.0,14.59,7.0,0
39.0,106826.46,37021.0,16.5,18.0,1
48.0,103027.77,4782.0,22.16,14.0,0
64.0,184297.1,24341.0,6.82,15.0,0
65.0,66984.6,25094.0,10.56,39.0,0
29.0,102163.26,24866.0,16.0,3.0,1
62.0,76805.67,20049.0,22.35,31.0,0
53.0,139795.5,31992.0,6.72,10.0,0
45.0,51051.17,15567.0,5.41,13.0,0
60.0,106138.77,4513.0,6.0,20.0,0
68.0,66346.84,14335.0,5.94,16.0,0
22.0,70820.65,39590.0,21.34,3.0,1
25.0,76563.54,15837.0,17.98,1.0,0
24.0,82960.53,13122.0,17.19,5.0,0
24.0,69001.63,35840.0,14.41,5.0,0
66.0,81418.4,32007.0,19.08,20.0,0
42.0,160983.8,28684.0,7.8,17.0,0
68.0,119697.72,27393.0,12.05,19.0,0
28.0,112936.08,23754.0,13.82,7.0,1
54.0,58234.33,21799.0,6.99,21.0,0
39.0,46881.55,39727.0,12.55,9.0,0
68.0,117906.86,10107.0,10.7,24.0,0
61.0,113325.94,6993.0,5.64,29.0,0
54.0,152716.01,31805.0,7.46,30.0,0
69.0,54068.64,29114.0,18.75,15.0,1
37.0,65200.71,38789.0,5.32,11.0,1
36.0,32217.27,17138.0,21.82,7.0,1
43.0,60099.96,10190.0,6.56,19.0,0
22.0,120365.14,27723.0,19.39,1.0,0
51.0,57916.19,13886.0,21.18,23.0,0
54.0,100734.12,17779.0,21.94,12.0,0
57.0,66486.12,29174.0,20.61,24.0,0
32.0,85993.63,30086.0,10.18,11.0,1
66.0,41198.38,18322.0,11.0,35.0,1
44.0,76313.47,36278.0,12.68,19.0,0
28.0,16390.09,19033.0,7.51,6.0,0
23.0,66606.13,21074.0,5.4,4.0,0
33.0,32362.75,4435.0,20.64,9.0,0
56.0,133652.34,36969.0,14.97,32.0,0
53.0,107872.33,29942.0,15.96,20.0,0
30.0,92349.49,30059.0,21.69,7.0,1
60.0,156451.78,33826.0,16.97,15.0,0
22.0,45503.37,31297.0,17.44,2.0,1
47.0,175199.67,22322.0,19.17,9.0,0
48.0,116552.35,36739.0,7.09,24.0,0
28.0,64972.69,10719.0,11.48,7.0,0
22.0,129031.27,15017.0,22.43,4.0,0
44.0,42060.03,9314.0,21.61,7.0,0
53.0,48423.62,29295.0,20.91,13.0,0
31.0,53944.18,10628.0,13.14,11.0,0
61.0,56134.8,12492.0,20.43,20.0,0
28.0,43119.09,37113.0,5.87,5.0,1
34.0,134799.2,16357.0,7.67,13.0,0
59.0,64252.3,34329.0,12.45,23.0,1
44.0,87225.54,21365.0,13.7,9.0,0
24.0,54985.47,2737.0,9.74,5.0,0
30.0,29427.9,10096.0,11.42,3.0,0
53.0,83702.88,20938.0,7.93,29.0,1
43.0,28109.77,13682.0,13.8,6.0,0
34.0,70663.4,28499.0,19.29,11.0,0
57.0,36895.41,1294.0,16.9,10.0,0
27.0,197528.47,33536.0,6.94,6.0,0
24.0,115344.82,25596.0,13.78,1.0,0
67.0,77101.41,33649.0,17.56,39.0,1
45.0,137565.21,12434.0,14.54,14.0,0
37.0,47898.62,39098.0,12.05,5.0,1
25.0,95965.08,5655.0,16.19,5.0,0
56.0,80813.98,18493.0,22.44,21.0,0
67.0,83450.59,4771.0,6.71,16.0,0
32.0,138161.25,9563.0,12.02,3.0,0
47.0,105476.77,18558.0,12.32,14.0,0
24.0,84487.75,34932.0,15.39,2.0,0
32.0,31970.1,27567.0,7.74,4.0,1
36.0,45250.86,33376.0,8.18,7.0,0
69.0,68778.44,22922.0,10.14,33.0,0
59.0,76625.58,13388.0,22.21,23.0,0
64.0,41560.2,30332.0,18.21,11.0,1
51.0,244223.32,24495.0,16.91,29.0,0
48.0,156091.4,9434.0,19.71,25.0,0
22.0,98820.38,21991.0,7.3,2.0,1
59.0,75812.5,28472.0,20.47,12.0,0
53.0,65768.45,27849.0,15.71,30.0,0
59.0,45435.13,2541.0,11.04,21.0,0
46.0,76019.13,3765.0,19.69,12.0,0
32.0,83189.49,38259.0,19.45,8.0,1
64.0,39305.5,30283.0,20.22,34.0,0
52.0,86429.84,36851.0,7.08,11.0,0
25.0,67668.12,35625.0,22.45,5.0,1
43.0,28172.35,1769.0,22.27,18.0,0
38.0,47562.86,18806.0,11.43,12.0,0
35.0,59468.21,25982.0,6.19,14.0,0
59.0,187933.57,3972.0,8.01,12.0,0
47.0,96594.45,19256.0,22.87,18.0,1
52.0,37506.11,39367.0,15.13,17.0,1
67.0,93248.02,19653.0,11.42,24.0,0
60.0,33736.92,39043.0,10.19,16.0,0
32.0,125661.31,22133.0,9.63,6.0,1
62.0,57782.29,26757.0,16.95,12.0,1
64.0,69785.53,38840.0,12.55,17.0,0
44.0,141902.9,33069.0,22.38,10.0,0
61.0,38423.26,15706.0,17.31,30.0,1
55.0,36367.87,39231.0,19.26,9.0,1
46.0,54622.45,28909.0,10.27,18.0,0
57.0,122907.76,12095.0,6.43,14.0,0
26.0,34211.84,21343.0,13.78,2.0,1
24.0,17746.12,27469.0,10.66,2.0,1
62.0,58362.02,2313.0,8.64,16.0,0
64.0,96362.31,8847.0,22.15,27.0,0
50.0,133269.79,10166.0,12.99,14.0,0
42.0,58012.82,10930.0,8.14,21.0,0
61.0,59533.04,4285.0,8.58,38.0,0
29.0,130216.06,36863.0,10.05,6.0,0
51.0,28713.69,17704.0,22.99,25.0,0
62.0,60218.78,19705.0,9.82,9.0,0
49.0,80435.58,1555.0,10.92,18.0,0
58.0,91547.14,22323.0,16.87,29.0,0
50.0,56675.46,6432.0,10.29,11.0,0
37.0,74400.69,2386.0,8.88,5.0,0
55.0,21074.86,11619.0,7.86,11.0,0
21.0,52621.28,7854.0,10.63,2.0,0
33.0,91743.72,8637.0,6.91,8.0,0
32.0,44750.28,22225.0,5.34,7.0,0
48.0,75319.33,27739.0,19.48,15.0,1
31.0,91439.81,11618.0,7.48,7.0,0
58.0,61618.99,37561.0,18.97,30.0,0
21.0,79636.82,8373.0,19.36,1.0,0
51.0,45190.12,36281.0,14.68,24.0,1
32.0,65952.78,21187.0,10.57,10.0,0
65.0,99221.31,3327.0,7.61,34.0,0
46.0,79101.45,33391.0,18.26,20.0,0
68.0,54542.44,19549.0,15.82,26.0,1
60.0,81806.19,8642.0,16.8,15.0,0
36.0,104537.89,15435.0,5.16,10.0,0
59.0,26239.71,34760.0,21.7,36.0,0
50.0,130553.32,39192.0,6.19,20.0,0
53.0,61813.23,5381.0,11.6,7.0,0
43.0,90467.41,32047.0,12.25,6.0,1
64.0,133069.05,20558.0,5.02,41.0,0
54.0,36833.5,31782.0,13.95,9.0,1
67.0,51291.46,5782.0,18.55,11.0,0
25.0,63305.38,26881.0,19.82,3.0,0
38.0,49420.63,30409.0,20.83,18.0,1
49.0,174114.48,20462.0,13.78,13.0,0
26.0,47648.86,3983.0,16.35,4.0,0
29.0,55394.0,32933.0,6.43,7.0,1
60.0,80999.2,3523.0,13.78,9.0,0
51.0,40091.73,10677.0,7.79,27.0,0
53.0,60003.59,11292.0,11.65,20.0,0
47.0,85710.16,16089.0,10.93,15.0,0
34.0,61918.22,5581.0,12.62,13.0,0
49.0,69794.23,12907.0,15.29,27.0,0
56.0,56124.85,6609.0,21.25,19.0,0
48.0,34295.34,23936.0,12.1,10.0,1
41.0,85887.76,34988.0,22.66,18.0,0
23.0,175864.05,30506.0,18.66,2.0,0
39.0,73806.41,14163.0,14.21,18.0,0
51.0,81849.06,13537.0,16.59,29.0,0
55.0,103400.12,23419.0,6.84,10.0,0
69.0,38767.39,10455.0,20.2,44.0,1
23.0,171314.67,10063.0,15.48,2.0,0
46.0,80915.8,1834.0,22.75,18.0,0
36.0,165367.98,33214.0,16.46,4.0,0
31.0,50689.98,28398.0,20.01,11.0,0
41.0,181503.64,35492.0,19.4,15.0,0
36.0,107750.94,3413.0,11.22,12.0,0
29.0,96424.93,10505.0,9.67,9.0,0
20.0,82208.36,38266.0,12.75,1.0,0
41.0,64584.89,3105.0,13.41,11.0,0
45.0,133287.78,3568.0,9.32,22.0,0
37.0,78447.11,38679.0,21.1,14.0,1
69.0,27349.82,34560.0,14.77,44.0,0
33.0,41831.58,15195.0,22.61,13.0,0
66.0,66641.12,16762.0,19.58,22.0,0
48.0,85391.3,16898.0,15.0,15.0,0
31.0,71090.27,22577.0,22.05,5.0,0
55.0,134522.32,2214.0,14.09,25.0,0
54.0,27569.05,21803.0,20.97,16.0,1
31.0,78573.83,24698.0,11.45,10.0,0
26.0,29466.53,33980.0,11.82,2.0,1
48.0,106922.14,2658.0,12.53,8.0,0
30.0,69756.83,13270.0,14.84,4.0,0
52.0,90201.83,38792.0,14.96,9.0,1
25.0,47479.75,23301.0,13.94,4.0,1
66.0,138653.39,6141.0,10.51,15.0,0
34.0,123113.54,39756.0,21.69,5.0,1
51.0,97906.88,14777.0,15.59,7.0,0
30.0,68544.7,39346.0,12.34,9.0,0
42.0,97726.56,30441.0,16.72,18.0,0
45.0,51356.86,29469.0,18.82,8.0,1
53.0,112170.78,4845.0,22.29,25.0,0
65.0,166831.64,24290.0,13.99,24.0,0
53.0,124904.57,31699.0,7.02,13.0,0
48.0,50777.0,34146.0,12.93,19.0,1
23.0,87615.1,4293.0,13.62,2.0,0
36.0,38308.58,17608.0,21.15,13.0,0
54.0,97362.38,1737.0,12.11,8.0,0
32.0,91610.55,17619.0,22.16,12.0,0
60.0,28712.61,13470.0,13.73,11.0,0
58.0,40909.11,23372.0,22.53,24.0,1
34.0,63476.85,17117.0,5.15,13.0,0
48.0,62916.9,15779.0,21.18,6.0,1
48.0,39945.11,30294.0,21.76,16.0,1
30.0,88830.86,22630.0,22.3,5.0,0
51.0,82928.73,13178.0,5.24,20.0,0
21.0,66361.04,20935.0,8.09,1.0,0
66.0,50116.43,23784.0,16.77,12.0,1
33.0,123544.11,24027.0,5.46,10.0,0
39.0,167326.71,32008.0,6.14,10.0,0
41.0,57424.09,2823.0,8.98,15.0,0
30.0,53847.78,7852.0,14.22,4.0,0
46.0,93489.45,14072.0,14.83,12.0,0
22.0,61143.9,12133.0,5.62,2.0,0
36.0,68206.93,16111.0,8.07,11.0,0
63.0,105855.11,33312.0,13.99,21.0,1
47.0,28150.54,25161.0,15.69,11.0,0
48.0,141372.17,2777.0,7.67,12.0,0
40.0,75836.9,25014.0,12.18,7.0,0
66.0,59531.06,15772.0,21.28,21.0,0
35.0,69939.29,19161.0,22.98,6.0,0
56.0,71769.49,8490.0,22.77,24.0,0
39.0,30773.2,25502.0,20.87,13.0,1
25.0,154425.82,36757.0,12.1,3.0,0
38.0,74657.24,33737.0,17.36,9.0,1
24.0,91263.03,18709.0,12.5,2.0,0
22.0,117685.95,9998.0,16.67,2.0,1
20.0,43888.99,29906.0,10.57,2.0,1
57.0,92664.06,36490.0,15.91,27.0,0
34.0,63970.64,5656.0,14.43,12.0,0
53.0,111679.16,37901.0,5.44,27.0,0
54.0,25245.07,26735.0,19.23,16.0,1
68.0,69595.34,30092.0,5.21,12.0,0
44.0,54100.01,2242.0,10.28,17.0,0
43.0,90774.3,2831.0,5.11,8.0,0
31.0,92505.38,29511.0,11.77,8.0,0
37.0,51338.03,8246.0,6.14,14.0,0
34.0,51221.42,32467.0,21.44,12.0,1
63.0,69193.85,19302.0,12.48,19.0,0
35.0,46708.38,4232.0,13.27,9.0,0
46.0,111412.17,37526.0,11.3,18.0,1
27.0,60803.12,39765.0,16.3,7.0,0
65.0,17094.39,11972.0,19.12,34.0,1
44.0,60632.66,35592.0,16.67,23.0,1
36.0,43509.22,11683.0,18.47,4.0,0
48.0,32349.77,24664.0,21.31,15.0,1
27.0,39390.77,37828.0,20.54,3.0,0
34.0,77242.43,34172.0,17.13,5.0,0
46.0,142104.85,19105.0,8.86,23.0,0
65.0,85527.41,22700.0,16.48,42.0,0
69.0,54000.48,12017.0,14.11,17.0,1
26.0,91853.67,37613.0,17.91,2.0,0
22.0,58131.03,21594.0,19.99,2.0,1
48.0,51673.47,12384.0,18.37,24.0,0
63.0,41061.19,31348.0,20.24,18.0,1
43.0,30457.44,17448.0,6.15,6.0,1
22.0,60176.56,10491.0,5.57,1.0,0
39.0,79144.2,14112.0,9.65,10.0,0
65.0,69681.36,32021.0,21.21,40.0,0
34.0,59398.04,1968.0,19.83,6.0,0
44.0,45575.56,1368.0,17.29,13.0,0
49.0,99123.63,9424.0,17.61,8.0,0
33.0,37851.81,36010.0,18.08,8.0,1
26.0,107797.95,36851.0,21.97,6.0,1
36.0,44306.71,26496.0,19.98,7.0,1
63.0,50200.61,31936.0,16.22,18.0,1
39.0,35122.86,14322.0,16.98,17.0,1
55.0,56914.13,2469.0,8.85,8.0,0
28.0,119092.55,38493.0,16.83,6.0,0
57.0,94637.97,5259.0,12.64,19.0,0
67.0,119277.87,37390.0,7.75,20.0,0
41.0,94946.73,11292.0,19.52,15.0,0
21.0,42115.25,27841.0,14.18,2.0,1
43.0,61982.38,29365.0,22.59,15.0,1
27.0,49508.54,18207.0,10.07,2.0,1
30.0,142242.33,37199.0,13.65,6.0,0
32.0,40199.33,23912.0,13.06,7.0,1
36.0,114330.52,37919.0,7.17,10.0,0
27.0,114288.01,37981.0,12.67,6.0,1
40.0,182555.61,16235.0,10.18,5.0,0
37.0,59584.85,34547.0,7.89,10.0,0
49.0,104418.39,20276.0,10.08,19.0,0
37.0,228850.89,32923.0,9.2,8.0,0
65.0,53700.58,6534.0,18.21,31.0,0
66.0,33944.42,27469.0,5.55,17.0,0
50.0,28566.64,37074.0,16.11,14.0,1
57.0,104438.75,36670.0,18.69,34.0,0
51.0,28521.83,33563.0,13.65,15.0,0
30.0,60708.59,37486.0,21.77,5.0,1
64.0,91003.8,1021.0,17.74,28.0,0
44.0,80224.78,35268.0,18.46,23.0,0
52.0,90465.37,16799.0,8.54,30.0,0
57.0,81727.43,27336.0,18.99,24.0,0
60.0,138611.86,4641.0,19.98,8.0,0
27.0,45426.09,22596.0,11.5,7.0,1
30.0,52130.34,33959.0,8.84,7.0,0
41.0,49695.53,14306.0,11.93,10.0,1
43.0,110757.22,9587.0,18.31,20.0,0
60.0,114714.22,32359.0,12.52,20.0,0
36.0,91639.04,22498.0,18.26,4.0,0
31.0,132157.12,5662.0,7.04,10.0,0
65.0,40577.93,38094.0,19.51,27.0,0
51.0,168318.29,28197.0,9.56,14.0,0
34.0,156626.51,21719.0,9.48,6.0,0
35.0,105641.97,25665.0,15.63,10.0,0
41.0,178242.36,26032.0,6.26,8.0,0
47.0,31942.36,13641.0,5.47,12.0,0
39.0,56262.07,31028.0,9.7,14.0,1
52.0,50632.47,16651.0,14.69,28.0,0
29.0,104897.57,9536.0,21.34,6.0,0
59.0,43257.66,7273.0,20.24,30.0,0
51.0,106803.67,7284.0,13.83,24.0,0
69.0,145113.01,26692.0,5.67,34.0,0
52.0,103528.42,9817.0,14.63,13.0,0
21.0,84277.95,29955.0,17.69,2.0,1
52.0,44625.62,27555.0,11.1,17.0,1
52.0,47885.81,21378.0,7.0,8.0,1
60.0,136599.62,18127.0,10.01,16.0,0
32.0,107977.11,18952.0,18.89,10.0,0
49.0,71717.51,12539.0,11.32,8.0,0
52.0,59340.38,15692.0,19.62,10.0,1
32.0,26558.26,19120.0,10.75,10.0,1
45.0,42812.0,14334.0,7.94,22.0,0
41.0,190176.82,29615.0,12.85,15.0,0
58.0,38552.35,8903.0,13.14,14.0,0
21.0,80397.62,29527.0,5.29,1.0,0
57.0,121021.32,16629.0,7.11,25.0,0
58.0,39047.68,18740.0,8.33,9.0,0
45.0,80206.13,34782.0,7.04,17.0,0
65.0,116886.4,27708.0,11.15,17.0,1
69.0,73588.91,11860.0,22.36,42.0,0
34.0,306876.76,18438.0,14.17,9.0,0
53.0,31751.66,2764.0,16.3,12.0,0
61.0,124164.71,7009.0,11.41,34.0,0
63.0,67077.18,21842.0,10.82,17.0,0
68.0,107576.78,34435.0,5.42,21.0,1
59.0,91185.72,4370.0,14.01,32.0,0
30.0,50686.86,39744.0,13.7,5.0,0
22.0,82001.94,21454.0,7.84,2.0,0
25.0,28884.18,39367.0,18.76,3.0,1
28.0,98876.19,4650.0,13.87,3.0,0
25.0,84887.25,26708.0,11.1,2.0,1
28.0,100642.52,4190.0,7.64,7.0,0
58.0,124126.83,9789.0,14.94,26.0,0
50.0,87887.24,33125.0,18.55,13.0,1
51.0,78750.88,34159.0,10.08,13.0,0
60.0,47073.52,18459.0,8.94,36.0,1
69.0,51220.22,36418.0,14.39,45.0,1
31.0,132371.46,19768.0,7.8,7.0,0
27.0,149966.57,16563.0,17.0,7.0,0
27.0,64922.19,28885.0,15.9,6.0,0
69.0,74832.04,22885.0,6.57,21.0,0
47.0,46522.57,7895.0,5.66,7.0,0
39.0,131449.55,24958.0,16.17,6.0,0
66.0,101997.99,2531.0,10.3,38.0,0
26.0,193031.51,6481.0,6.56,6.0,0
30.0,47138.18,24932.0,18.67,8.0,1
39.0,60536.15,22360.0,10.65,6.0,1
35.0,82102.44,25829.0,13.27,11.0,0
23.0,101037.27,20932.0,9.26,4.0,0
25.0,65654.81,39931.0,16.29,6.0,1
41.0,47264.72,39032.0,10.43,5.0,0
45.0,113630.11,16890.0,22.42,18.0,0
22.0,104879.53,19807.0,17.65,1.0,0
60.0,46252.14,12767.0,7.46,29.0,1
61.0,144022.01,9071.0,12.5,28.0,0
33.0,131281.53,27149.0,11.94,5.0,0
30.0,78209.64,16540.0,14.62,9.0,0
37.0,76099.65,36676.0,20.15,5.0,0
31.0,96474.01,5712.0,15.5,10.0,1
42.0,47531.53,27201.0,6.11,9.0,0
31.0,74236.84,20899.0,16.8,9.0,0
32.0,24929.53,20787.0,5.15,12.0,1
44.0,113349.11,21982.0,19.04,11.0,0
64.0,33498.41,23606.0,17.0,25.0,1
38.0,155082.1,11150.0,10.56,10.0,0
65.0,62003.12,21393.0,10.26,15.0,1
55.0,65786.28,38259.0,19.37,23.0,0
64.0,53430.29,28750.0,19.1,33.0,1
27.0,63321.52,9593.0,11.34,8.0,1
48.0,148637.49,18358.0,10.38,24.0,0
51.0,21080.33,17607.0,15.08,18.0,0
63.0,138480.21,38381.0,5.15,32.0,0
37.0,86596.25,25811.0,6.49,14.0,1
25.0,39994.18,29074.0,7.27,4.0,0
37.0,42716.64,21595.0,8.34,5.0,0
38.0,169091.71,27853.0,14.22,10.0,0
41.0,45581.01,9183.0,22.86,18.0,1
56.0,41081.98,21661.0,16.75,23.0,0
51.0,129140.63,37495.0,6.1,23.0,0
60.0,86619.17,14703.0,14.46,14.0,0
22.0,45754.12,31815.0,13.94,4.0,1
47.0,81496.27,30565.0,7.6,14.0,0
29.0,43788.38,23942.0,21.56,7.0,0
54.0,126805.63,34161.0,12.93,8.0,1
48.0,124328.87,10716.0,22.9,9.0,0
34.0,95416.15,34349.0,12.56,12.0,1
52.0,87625.78,1132.0,15.94,30.0,0
26.0,176414.93,4385.0,6.89,3.0,0
31.0,73118.97,37538.0,13.18,3.0,0
68.0,40500.23,36036.0,9.3,23.0,0
49.0,91558.83,34743.0,20.04,7.0,0
40.0,207528.41,8213.0,19.11,7.0,0
50.0,44029.73,27119.0,19.84,23.0,1
43.0,61039.02,3835.0,18.02,21.0,0
39.0,90059.25,3738.0,19.99,5.0,0
56.0,71185.72,5134.0,8.61,22.0,0
23.0,44750.07,26892.0,13.14,2.0,0
47.0,128146.44,9353.0,17.45,9.0,0
63.0,233285.98,16690.0,16.47,16.0,0
39.0,80665.46,2909.0,17.89,13.0,0
43.0,46535.27,26703.0,9.04,6.0,1
69.0,33708.99,15496.0,6.77,26.0,0
68.0,83198.78,13062.0,21.5,15.0,0
51.0,126999.53,10850.0,15.08,13.0,0
60.0,92742.66,28701.0,7.77,14.0,1
55.0,73042.6,35731.0,19.28,30.0,0
53.0,54467.76,6153.0,21.47,24.0,0
55.0,42358.24,11481.0,8.05,30.0,0
21.0,111010.01,34734.0,19.71,1.0,0
34.0,115483.83,1889.0,21.8,7.0,0
53.0,33763.48,20445.0,21.89,16.0,1
55.0,161930.01,7461.0,21.45,8.0,0
25.0,97444.24,39934.0,14.84,5.0,0
58.0,147236.78,29205.0,11.41,18.0,0
61.0,37381.68,24351.0,5.13,18.0,1
31.0,36941.39,17006.0,6.1,8.0,1
22.0,67881.26,11940.0,12.72,2.0,1
64.0,94032.17,12258.0,12.19,41.0,1
37.0,179544.87,25485.0,8.32,9.0,0
59.0,104092.94,24763.0,12.12,26.0,0
40.0,64773.99,2067.0,8.14,9.0,0
34.0,43774.88,21607.0,20.28,14.0,0
52.0,135266.24,10018.0,10.37,17.0,0
54.0,45145.56,16187.0,15.77,23.0,0
45.0,165088.06,38375.0,14.05,8.0,1
27.0,63437.32,4985.0,5.93,6.0,0
55.0,161990.19,20563.0,21.96,14.0,0
67.0,102689.55,38306.0,14.49,25.0,1
49.0,68288.88,19608.0,10.85,25.0,1
42.0,56404.36,2726.0,7.85,21.0,0
61.0,61669.58,27582.0,11.09,21.0,0
63.0,90595.37,6791.0,5.37,35.0,0
33.0,76006.81,9458.0,11.54,4.0,0
33.0,54344.26,18221.0,14.57,12.0,0
21.0,67318.09,21968.0,20.69,2.0,0
56.0,76060.82,18070.0,17.37,21.0,0
24.0,25226.06,28937.0,7.01,5.0,0
57.0,91957.71,38415.0,7.66,31.0,1
64.0,44807.88,21802.0,12.71,19.0,0
60.0,41082.35,11420.0,8.52,32.0,0
66.0,31455.46,7642.0,5.5,13.0,0
33.0,29823.55,20775.0,19.49,12.0,1
58.0,37133.55,29754.0,5.35,27.0,1
44.0,51302.23,5357.0,19.95,7.0,0
39.0,194197.23,22263.0,7.59,14.0,0
21.0,56221.82,14201.0,22.54,2.0,0
58.0,79927.48,3739.0,15.87,25.0,0
25.0,89343.23,14231.0,18.23,3.0,0
36.0,78083.39,22168.0,6.99,7.0,0
44.0,70352.83,33624.0,20.52,19.0,1
47.0,40229.39,11635.0,20.11,11.0,0
21.0,151064.74,10964.0,16.75,2.0,0
54.0,180520.26,28785.0,14.04,25.0,0
56.0,31529.24,30510.0,17.99,10.0,1
24.0,43826.14,18261.0,5.11,4.0,0
20.0,63582.58,20254.0,15.66,1.0,0
59.0,45149.35,12392.0,20.25,28.0,1
31.0,94181.85,13336.0,11.42,6.0,0
55.0,50810.78,12939.0,6.95,19.0,1
64.0,215890.81,28412.0,12.58,20.0,0
42.0,132624.13,17676.0,18.09,18.0,0
66.0,81331.37,10843.0,6.93,14.0,0
50.0,122209.63,26112.0,8.71,28.0,0
30.0,127128.06,31598.0,7.66,8.0,0
29.0,55161.82,36454.0,19.35,9.0,1
22.0,48624.92,34001.0,6.13,2.0,0
33.0,76044.31,28228.0,17.36,6.0,1
35.0,112512.33,15429.0,11.6,14.0,0
29.0,78396.16,19758.0,18.6,3.0,0
48.0,33239.75,3272.0,22.36,8.0,0
29.0,48951.62,18350.0,7.06,5.0,0
31.0,70475.02,23538.0,10.66,11.0,0
49.0,70415.4,4400.0,19.58,20.0,0
60.0,196078.64,16371.0,9.79,25.0,0
20.0,36570.82,38310.0,8.87,1.0,1
24.0,94164.13,37291.0,19.86,3.0,0
39.0,153976.7,19147.0,22.77,15.0,0
27.0,227686.48,4291.0,15.02,4.0,0
62.0,59742.64,36256.0,10.0,34.0,0
31.0,93499.81,11892.0,12.17,5.0,0
20.0,97234.43,35326.0,8.06,1.0,1
39.0,80639.26,38458.0,18.71,12.0,1
47.0,69604.01,39889.0,18.92,15.0,0
62.0,90942.95,38207.0,20.75,29.0,1
56.0,20617.12,26995.0,5.48,17.0,0
66.0,102850.81,6409.0,15.12,17.0,0
56.0,77892.81,30823.0,8.86,20.0,1
31.0,65431.73,8869.0,11.14,8.0,0
56.0,203502.0,36724.0,19.13,11.0,0
68.0,52184.09,23401.0,8.46,29.0,1
68.0,59782.13,26958.0,16.49,21.0,0
63.0,197951.37,11766.0,16.78,21.0,0
47.0,48241.23,20768.0,22.17,11.0,0
66.0,55544.64,31794.0,18.95,41.0,1
34.0,67947.27,27145.0,19.47,11.0,1
25.0,111342.6,11086.0,14.57,3.0,0
63.0,81137.56,27442.0,8.36,29.0,0
39.0,38318.47,17412.0,12.66,17.0,0
69.0,56045.31,26596.0,14.89,25.0,1
33.0,53977.51,11255.0,17.21,12.0,0
21.0,70360.65,24332.0,15.94,1.0,1
28.0,90483.41,16764.0,12.09,8.0,0
56.0,90138.52,28563.0,9.78,22.0,0
39.0,30091.38,23139.0,8.03,7.0,0
45.0,124488.73,37370.0,17.49,13.0,0
48.0,82974.15,6062.0,16.62,27.0,0
20.0,146132.06,8244.0,17.37,1.0,0
54.0,91317.63,7372.0,11.71,22.0,0
25.0,126837.43,20965.0,9.72,2.0,0
56.0,92343.69,17956.0,18.67,19.0,0
24.0,143359.81,14894.0,18.93,2.0,0
52.0,94951.86,34382.0,13.2,8.0,0
68.0,69636.38,5050.0,16.01,29.0,0
33.0,227798.64,17709.0,11.72,12.0,0
31.0,114064.41,16722.0,17.64,9.0,0
61.0,97428.32,16210.0,20.04,16.0,0
39.0,38632.45,37545.0,17.39,13.0,1
69.0,38401.28,39674.0,14.23,44.0,0
43.0,84656.55,35489.0,13.26,18.0,0
62.0,78649.82,18733.0,16.56,30.0,1
53.0,53795.16,21080.0,17.24,31.0,1
44.0,78471.54,37664.0,15.06,20.0,1
69.0,161831.91,39014.0,16.25,15.0,1
48.0,103538.75,28250.0,6.74,13.0,0
58.0,41336.28,21229.0,22.13,35.0,1
50.0,69164.68,17475.0,19.23,17.0,0
66.0,48899.22,30011.0,11.73,13.0,1
62.0,60243.5,9128.0,15.13,23.0,0
69.0,59467.91,33450.0,5.85,35.0,0
42.0,57594.2,19897.0,5.74,22.0,0
63.0,39043.52,9168.0,9.51,19.0,0
57.0,68608.56,7861.0,17.41,22.0,0
39.0,55254.01,14750.0,20.34,17.0,1
42.0,16903.49,17988.0,15.07,11.0,1
64.0,204124.63,3979.0,14.58,13.0,0
35.0,126043.81,24524.0,12.24,15.0,0
69.0,60587.85,8065.0,7.91,28.0,0
61.0,73821.81,38684.0,7.13,24.0,0
27.0,40707.71,24184.0,18.69,6.0,0
69.0,170733.89,34365.0,21.7,10.0,0
40.0,188837.92,24704.0,13.25,19.0,0
20.0,79090.41,6622.0,16.87,1.0,0
27.0,121998.66,19261.0,21.46,4.0,0
48.0,79829.1,29419.0,6.62,10.0,1
51.0,37482.79,35467.0,18.87,15.0,1
57.0,59521.23,26605.0,16.1,30.0,0
24.0,78117.08,30171.0,15.78,5.0,0
66.0,58263.21,23164.0,10.27,41.0,0
41.0,65556.87,14796.0,17.31,11.0,0
66.0,69863.61,37854.0,19.31,33.0,1
53.0,70232.1,32320.0,7.03,19.0,1
20.0,75066.47,1665.0,14.6,2.0,0
45.0,43031.92,33694.0,6.82,19.0,1
62.0,51097.55,25230.0,20.71,20.0,1
29.0,38472.84,23995.0,14.14,5.0,1
49.0,119241.7,27784.0,19.54,12.0,1
69.0,25518.95,15605.0,11.63,31.0,1
37.0,130195.85,18463.0,7.25,17.0,0
36.0,146264.91,9419.0,5.75,6.0,0
45.0,62875.36,34837.0,10.07,7.0,1
27.0,19899.13,6263.0,9.4,3.0,1
66.0,61043.67,35131.0,15.09,36.0,1
59.0,70820.79,38276.0,5.39,18.0,1
68.0,44121.43,35523.0,14.37,18.0,1
31.0,56522.32,1519.0,12.05,6.0,0
46.0,157172.25,32106.0,15.39,18.0,0
27.0,101973.02,11514.0,17.64,5.0,0
44.0,46060.82,8233.0,16.41,19.0,1
65.0,32899.09,2102.0,22.72,21.0,0
23.0,62099.38,1597.0,7.49,3.0,0
52.0,65727.43,20657.0,12.74,9.0,0
20.0,93723.06,39549.0,12.65,1.0,0
38.0,55957.16,7256.0,12.51,10.0,0
50.0,94442.81,30401.0,16.95,13.0,1
35.0,192447.18,7554.0,13.82,11.0,0
33.0,109946.65,13664.0,14.31,3.0,0
67.0,71393.05,25386.0,12.78,14.0,0
24.0,66730.99,5846.0,22.85,5.0,0
60.0,61185.37,27205.0,21.7,25.0,0
45.0,131968.75,26570.0,10.54,19.0,0
47.0,53441.52,31255.0,7.01,23.0,1
21.0,74802.86,22182.0,20.12,2.0,0
69.0,75026.67,17043.0,22.95,37.0,0
25.0,56903.26,36754.0,10.27,4.0,1
28.0,36818.92,1400.0,11.44,4.0,0
52.0,85947.1,20239.0,21.95,15.0,0
60.0,70933.49,11416.0,17.8,23.0,0
44.0,93912.64,4412.0,10.32,11.0,0
67.0,56005.2,17440.0,15.46,21.0,0
32.0,134646.84,25406.0,22.0,6.0,0
28.0,47174.7,2875.0,19.61,3.0,0
32.0,172132.56,38066.0,18.35,4.0,0
50.0,30521.35,37536.0,18.27,7.0,1
60.0,90888.16,6752.0,8.2,12.0,0
30.0,92754.86,22217.0,19.84,5.0,0
23.0,49129.82,13489.0,9.97,3.0,0
53.0,90417.85,2353.0,21.75,12.0,0
57.0,138657.11,27986.0,11.56,32.0,0
65.0,24139.16,22371.0,20.44,36.0,1
23.0,94030.31,15691.0,9.79,3.0,0
57.0,21022.84,5311.0,14.26,28.0,0
38.0,45123.91,11794.0,6.92,9.0,0
25.0,165145.67,3934.0,16.88,2.0,1
53.0,54672.11,17406.0,20.05,29.0,0
37.0,40662.44,11394.0,17.93,5.0,0
32.0,66239.43,27872.0,14.42,12.0,1
60.0,205654.56,21800.0,5.81,25.0,0
42.0,29265.33,38909.0,21.8,10.0,0
38.0,43232.38,22352.0,17.7,11.0,1
64.0,154618.46,37439.0,18.43,25.0,0
30.0,185136.96,29312.0,19.3,3.0,0
20.0,69444.59,16438.0,18.46,1.0,0
43.0,39358.75,24385.0,12.94,18.0,0
26.0,208547.42,19482.0,18.21,4.0,0
44.0,162303.16,33471.0,16.25,10.0,0
40.0,102690.36,14026.0,20.37,10.0,0
34.0,48717.76,20648.0,19.44,13.0,1
20.0,71359.47,6435.0,5.74,1.0,0
31.0,67495.75,9493.0,11.82,7.0,0
26.0,86286.26,7691.0,5.62,7.0,0
34.0,151070.32,3763.0,6.84,7.0,0
40.0,113517.07,21389.0,15.83,12.0,0
38.0,42672.59,32498.0,20.73,15.0,1
48.0,145546.11,37009.0,7.16,22.0,0
44.0,85525.18,36825.0,13.12,10.0,0
52.0,103108.07,17934.0,21.4,10.0,0
68.0,152248.67,6574.0,19.66,35.0,0
51.0,41949.0,39179.0,14.35,13.0,1
68.0,71832.13,2587.0,18.89,42.0,0
54.0,56065.32,39688.0,14.41,10.0,1
63.0,33391.96,12688.0,7.85,19.0,0
57.0,86973.17,5409.0,7.25,9.0,0
45.0,256729.5,6783.0,8.39,19.0,0
30.0,29142.74,34480.0,11.32,10.0,0
54.0,71959.57,27751.0,21.75,23.0,1
27.0,100737.31,39174.0,19.39,8.0,1
65.0,77772.18,13041.0,12.79,14.0,0
33.0,69108.7,24227.0,13.88,4.0,1
29.0,38192.4,36201.0,9.78,9.0,1
21.0,82157.5,37069.0,17.68,2.0,1
65.0,50092.07,17654.0,19.45,37.0,0
28.0,24465.99,27370.0,9.3,8.0,1
22.0,132892.54,30482.0,5.75,2.0,0
40.0,118088.89,12586.0,16.23,8.0,0
45.0,75044.05,6322.0,15.13,23.0,0
27.0,82005.15,14932.0,12.24,4.0,0
67.0,125136.32,30299.0,16.59,23.0,0
21.0,81811.23,26179.0,14.91,2.0,1
25.0,114921.98,6257.0,9.51,3.0,0
47.0,63023.24,10777.0,12.16,22.0,0
48.0,140926.23,12249.0,12.71,7.0,0
45.0,85853.09,22390.0,20.84,20.0,0
44.0,80581.63,21369.0,22.3,16.0,1
31.0,38753.23,13881.0,21.07,8.0,0
24.0,84413.1,10587.0,17.95,3.0,0
53.0,48243.8,29264.0,15.53,14.0,1
67.0,53149.22,9791.0,17.41,26.0,0
56.0,48645.38,23375.0,21.9,20.0,1
34.0,42910.96,23611.0,9.5,10.0,0
63.0,211585.76,8833.0,14.63,18.0,0
55.0,142296.69,16754.0,17.41,9.0,0
34.0,191029.62,13577.0,17.23,5.0,0
62.0,39678.01,32095.0,9.54,30.0,0
67.0,75782.82,22248.0,15.56,11.0,1
42.0,38301.57,36282.0,19.33,19.0,1
25.0,51645.2,37737.0,13.55,5.0,1
65.0,46209.31,32891.0,19.28,35.0,1
69.0,135915.96,25124.0,11.48,40.0,0
63.0,59987.12,5566.0,21.9,13.0,0
62.0,124765.3,3196.0,14.61,34.0,0
64.0,98919.38,32115.0,15.73,25.0,0
40.0,231380.63,20859.0,5.56,18.0,0
42.0,34901.25,12345.0,8.06,20.0,0
62.0,137257.86,35077.0,16.39,10.0,0
35.0,129731.27,1864.0,12.56,8.0,0
66.0,44950.2,13055.0,14.15,27.0,1
34.0,121002.52,39157.0,6.13,11.0,0
44.0,86514.95,20747.0,20.01,10.0,0
55.0,65268.31,12978.0,19.12,14.0,0
30.0,48437.63,25599.0,8.34,6.0,1
34.0,51044.1,36771.0,16.42,9.0,1
23.0,203802.37,18615.0,19.73,4.0,0
40.0,73155.41,30377.0,16.54,16.0,0
32.0,108127.35,31031.0,10.59,7.0,0
41.0,49244.37,12760.0,16.81,5.0,0
38.0,49517.11,34714.0,8.79,6.0,0
53.0,125616.94,26762.0,10.73,18.0,0
33.0,37242.72,35332.0,9.32,12.0,0
23.0,59420.41,5944.0,15.02,2.0,0
67.0,74385.31,14877.0,6.95,28.0,0
65.0,77318.33,30990.0,21.8,39.0,1
46.0,66866.5,35076.0,11.0,24.0,0
48.0,89135.23,4258.0,8.94,11.0,0
66.0,103406.99,32629.0,13.94,11.0,0
47.0,105589.98,38579.0,9.99,12.0,0
54.0,44671.82,23958.0,14.63,25.0,1
27.0,63444.61,21317.0,11.27,8.0,0
35.0,132903.88,16775.0,7.38,4.0,0
61.0,114384.81,12039.0,9.79,9.0,0
55.0,36811.67,30097.0,12.89,30.0,0
49.0,87180.85,35207.0,5.55,22.0,0
37.0,27197.69,23553.0,18.87,17.0,0
21.0,74866.92,1055.0,16.19,1.0,0
68.0,188883.09,24161.0,15.82,25.0,0
32.0,45526.67,33873.0,14.83,4.0,1
23.0,48186.71,36969.0,15.63,1.0,1
45.0,107153.2,16184.0,21.82,16.0,0
44.0,33812.95,1669.0,5.15,12.0,0
49.0,53296.32,13663.0,5.86,8.0,0
30.0,98540.27,26318.0,8.45,10.0,0
26.0,53255.54,34734.0,8.01,3.0,0
50.0,64991.71,17691.0,8.26,23.0,0
63.0,106095.28,19522.0,17.09,18.0,0
29.0,90289.19,12656.0,13.27,8.0,0
58.0,83567.44,16893.0,22.85,11.0,0
32.0,61724.66,17493.0,9.08,10.0,0
50.0,87994.59,4632.0,10.59,9.0,0
26.0,68743.24,31336.0,22.72,4.0,0
68.0,91941.04,24112.0,19.97,36.0,1
61.0,57041.48,39452.0,13.46,14.0,1
61.0,66750.4,14266.0,14.98,17.0,0
55.0,44579.13,17940.0,20.18,30.0,1
39.0,71861.52,25003.0,13.66,17.0,0
23.0,48751.91,33872.0,8.71,1.0,1
26.0,41897.3,35815.0,19.91,3.0,0
20.0,83227.29,31869.0,14.68,1.0,0
63.0,81338.11,18257.0,7.75,15.0,0
64.0,108167.57,17682.0,14.1,40.0,0
61.0,58949.55,20622.0,12.44,25.0,1
66.0,89682.1,31408.0,20.78,25.0,1
32.0,96316.87,9837.0,7.27,12.0,0
41.0,91343.91,16407.0,20.75,14.0,0
40.0,48396.03,30309.0,14.22,15.0,1
41.0,78801.06,7382.0,12.28,10.0,0
47.0,87734.47,28654.0,7.92,14.0,0
28.0,73393.4,19895.0,17.61,6.0,0
45.0,25764.71,34551.0,21.68,7.0,1
28.0,79240.66,22376.0,11.76,4.0,0
34.0,221076.82,1370.0,9.35,5.0,0
29.0,61082.48,1486.0,14.99,2.0,0
43.0,50815.74,24762.0,19.33,14.0,1
61.0,88139.34,27613.0,5.07,25.0,0
27.0,85492.94,4196.0,16.36,4.0,0
43.0,132769.2,30401.0,15.74,10.0,0
35.0,38990.21,36029.0,10.73,11.0,1
68.0,105418.15,11813.0,13.13,15.0,0
45.0,98244.15,9572.0,9.45,15.0,0
46.0,68113.23,29225.0,19.22,21.0,0
56.0,86624.99,33275.0,16.42,12.0,0
23.0,122360.73,7843.0,14.59,4.0,0
69.0,113114.71,2105.0,12.07,37.0,0
43.0,41294.74,32639.0,10.24,6.0,0
38.0,110202.97,19051.0,19.81,4.0,0
55.0,70802.93,29708.0,13.13,33.0,0
58.0,75844.24,36459.0,14.03,13.0,0
29.0,75856.49,12864.0,14.37,9.0,0
44.0,67838.05,35764.0,13.07,15.0,0
37.0,132701.0,2425.0,9.61,7.0,0
38.0,70132.46,7849.0,7.17,6.0,0
55.0,41782.25,37015.0,6.77,20.0,1
29.0,60068.15,19976.0,18.63,5.0,0
52.0,79965.24,35258.0,9.02,23.0,1
69.0,135213.11,32113.0,6.0,42.0,0
24.0,98868.64,16401.0,19.36,5.0,0
66.0,47797.68,13884.0,7.77,19.0,0
68.0,253367.16,19824.0,16.25,41.0,0
54.0,83482.11,38563.0,11.1,28.0,0
63.0,138371.22,35414.0,7.28,38.0,0
53.0,67788.16,17142.0,12.46,18.0,0
52.0,95480.72,6956.0,5.27,25.0,0
40.0,111272.15,14928.0,20.14,14.0,0
36.0,134470.13,10721.0,14.24,8.0,0
41.0,124080.29,12157.0,7.5,21.0,0
67.0,113108.01,36135.0,9.27,11.0,1
56.0,62470.93,7696.0,13.06,12.0,0
34.0,54947.14,28862.0,8.4,13.0,0
54.0,86362.06,6190.0,9.83,9.0,0
47.0,116606.94,5663.0,14.62,24.0,0
26.0,65423.69,5331.0,19.99,6.0,0
51.0,124565.38,29549.0,12.23,7.0,0
30.0,151192.38,17246.0,17.91,6.0,0
29.0,46251.05,26761.0,20.78,8.0,1
28.0,48124.16,4262.0,8.89,6.0,0
33.0,68173.59,8036.0,19.53,13.0,0
32.0,85289.47,23322.0,18.63,11.0,0
44.0,56258.73,20131.0,11.42,11.0,0
21.0,143788.87,5677.0,22.81,1.0,0
54.0,90403.06,8972.0,9.73,31.0,0
26.0,74587.15,16329.0,9.59,4.0,0
40.0,35669.29,38032.0,18.9,6.0,1
37.0,37876.73,36901.0,12.82,15.0,0
22.0,84162.49,21493.0,10.95,3.0,0
61.0,25177.4,19595.0,8.22,28.0,0
58.0,121335.98,22923.0,18.78,21.0,0
60.0,67570.25,10735.0,19.15,28.0,0
68.0,370106.65,35457.0,15.2,35.0,0
30.0,231876.02,8727.0,22.23,10.0,0
58.0,66787.78,8764.0,10.73,35.0,0
43.0,69343.76,28599.0,8.95,14.0,1
65.0,120305.64,1818.0,17.19,36.0,0
38.0,171371.04,38289.0,18.65,18.0,0
23.0,32240.72,34892.0,9.05,2.0,0
45.0,29935.86,6660.0,6.38,6.0,0
57.0,53582.76,30521.0,19.59,32.0,0
61.0,97867.4,39409.0,22.58,14.0,1
51.0,93754.67,35470.0,16.6,8.0,0
58.0,124852.18,19385.0,10.0,12.0,0
64.0,40140.91,24296.0,22.94,22.0,1
65.0,22969.63,24616.0,21.08,17.0,1
55.0,112308.75,27382.0,14.24,15.0,0
59.0,48334.55,12139.0,19.86,36.0,1
56.0,26655.64,33060.0,19.68,26.0,1
52.0,78631.83,23419.0,21.83,24.0,0
55.0,108726.17,28785.0,20.14,10.0,0
22.0,68800.85,16702.0,16.59,3.0,0
28.0,58167.14,30217.0,15.97,7.0,1
27.0,67529.44,13397.0,13.41,6.0,0
52.0,60761.32,36169.0,16.28,12.0,0
25.0,37271.21,27940.0,19.31,3.0,0
60.0,51157.26,29341.0,22.44,33.0,1
58.0,94905.79,11067.0,13.41,27.0,0
23.0,85891.42,14824.0,15.33,4.0,0
32.0,79541.16,14444.0,13.01,9.0,0
68.0,44463.58,34307.0,17.03,26.0,1
21.0,66785.98,11974.0,16.34,2.0,0
24.0,24623.77,39383.0,5.32,1.0,1
63.0,79956.53,30290.0,14.74,30.0,0
